image_id,id,constellation,collection,providerName,providerProperties,sceneId,producer,acquisitionDate,start_datetime,end_datetime,cloudCoverage,resolution,deliveryTime,image_id,geometry,area
0,7fce2f8d-95ce-454d-b9bc-44ffc3de52b1,phr,phr,oneatlas,"{'commercialReference': 'SO22056246', 'qualified': False, 'sourceIdentifier': 'DS_PHR1B_202209251102384_FR1_PX_E002N48_0521_01028', 'acquisitionStation': 'FR1', 'archivingCenter': 'FR1', 'lastUpdateDate': '2022-09-26T21:12:28.815639148Z', 'processingDate': '2022-09-26T20:05:17.717', 'parentIdentifier': 'DS_PHR1B_202209251103154_FR1_PX_E002N48_0521_01032', 'azimuthAngle': 180.0476324630415, 'workspaceTitle': 'Public', 'productCategory': 'image', 'spectralRange': 'VISIBLE', 'activityId': '19b5c690-6589-49f7-a613-2bfe02351146', 'processingLevel': 'SENSOR', 'acquisitionIdentifier': '', 'productionStatus': 'IN_CLOUD', 'sensorType': 'OPTICAL', 'customerReference': 'C301000', 'geometryCentroid': {'lat': 48.857898288169864, 'lon': 2.3468534468892046}, 'workspaceName': 'public', 'processorName': 'DRS-MM V2.9vV2.9', 'correlationId': 'a2b46e4b-f333-4774-ba94-95dbdceb45e4', 'publicationDate': '2022-09-26T21:12:28.815639148Z', 'illuminationElevationAngle': 39.66916771927092, 'productType': 'bundle', 'workspaceId': '0e33eb50-3404-48ad-b835-b0b4b72a5625', 'expirationDate': '2023-09-26T21:12:28.815652764Z', 'incidenceAngleAcrossTrack': -8.993206202044103, 'format': 'image/jp2', 'illuminationAzimuthAngle': 167.2045452786085, 'incidenceAngleAlongTrack': 10.93278819020052, 'incidenceAngle': 14.02104459169362, 'processingCenter': 'FCMUGC', 'archiveIdentifier': 'DS_PHR1B_202209251103154_FR1_PX_E002N48_0521_01032', 'organisationName': 'AIRBUS DS GEO'}",7fce2f8d-95ce-454d-b9bc-44ffc3de52b1,airbus,2022-09-25 11:03:15.431000+00:00,,,0.2,0.5,MINUTES,0,"POLYGON ((2.4890778 48.91343899, 2.20489256 48.90767427, 2.20462909 48.80222385, 2.48885221 48.80777984, 2.4890778 48.91343899))",244.79212170117893
1,0bd7bc4b-8666-40b9-8d15-d388d040cca9,phr,phr,oneatlas,"{'commercialReference': 'SO22056246', 'qualified': False, 'sourceIdentifier': 'DS_PHR1B_202209251102130_FR1_PX_E002N48_0521_01009', 'acquisitionStation': 'FR1', 'archivingCenter': 'FR1', 'lastUpdateDate': '2022-09-26T21:34:44.629683021Z', 'processingDate': '2022-09-26T20:30:45.835', 'parentIdentifier': 'DS_PHR1B_202209251102500_FR1_PX_E002N48_0521_01013', 'azimuthAngle': 180.0186266275071, 'workspaceTitle': 'Public', 'productCategory': 'image', 'spectralRange': 'VISIBLE', 'activityId': 'deabbc1a-4d8e-45be-a630-b34eac3d39f7', 'processingLevel': 'SENSOR', 'acquisitionIdentifier': '', 'productionStatus': 'IN_CLOUD', 'sensorType': 'OPTICAL', 'customerReference': 'C301000', 'geometryCentroid': {'lat': 48.858373662375435, 'lon': 2.346956700160724}, 'workspaceName': 'public', 'processorName': 'DRS-MM V2.9vV2.9', 'correlationId': '09fd6b41-0ecf-43ed-95fe-f67be12320df', 'publicationDate': '2022-09-26T21:34:44.629683021Z', 'illuminationElevationAngle': 39.63293251958464, 'productType': 'bundle', 'workspaceId': '0e33eb50-3404-48ad-b835-b0b4b72a5625', 'expirationDate': '2023-09-26T21:34:44.62969427Z', 'incidenceAngleAcrossTrack': -4.808520120846652, 'format': 'image/jp2', 'illuminationAzimuthAngle': 166.8833899339069, 'incidenceAngleAlongTrack': -4.046056743112993, 'incidenceAngle': 6.272128166551994, 'processingCenter': 'FCMUGC', 'archiveIdentifier': 'DS_PHR1B_202209251102500_FR1_PX_E002N48_0521_01013', 'organisationName': 'AIRBUS DS GEO'}",0bd7bc4b-8666-40b9-8d15-d388d040cca9,airbus,2022-09-25 11:02:50.056000+00:00,,,0.27,0.5,MINUTES,1,"POLYGON ((2.20905207 48.90866145, 2.20904468 48.80921703, 2.48466774 48.80795517, 2.48486872 48.90773441, 2.20905207 48.90866145))",224.12207569143104
2,c83c1891-05a4-46a6-a282-8a0361b6aa03,phr,phr,oneatlas,"{'commercialReference': 'SO22056243', 'qualified': False, 'sourceIdentifier': 'DS_PHR1B_202209251102044_FR1_PX_E002N48_0521_01009', 'acquisitionStation': 'FR1', 'archivingCenter': 'FR1', 'lastUpdateDate': '2022-09-26T17:34:05.126124322Z', 'processingDate': '2022-09-26T16:16:38.502', 'parentIdentifier': 'DS_PHR1B_202209251102414_FR1_PX_E002N48_0521_01013', 'azimuthAngle': 179.9890260854076, 'workspaceTitle': 'Public', 'productCategory': 'image', 'spectralRange': 'VISIBLE', 'activityId': 'ba93e835-77bd-4796-bb26-bc3b5abf9ead', 'processingLevel': 'SENSOR', 'acquisitionIdentifier': '', 'productionStatus': 'IN_CLOUD', 'sensorType': 'OPTICAL', 'customerReference': 'C301000', 'geometryCentroid': {'lat': 48.85780010328304, 'lon': 2.346960008729746}, 'workspaceName': 'public', 'processorName': 'DRS-MM V2.9vV2.9', 'correlationId': '1c2d1139-3abf-422b-becd-bafb5503d26b', 'publicationDate': '2022-09-26T17:34:05.126124322Z', 'illuminationElevationAngle': 39.63354697412927, 'productType': 'bundle', 'workspaceId': '0e33eb50-3404-48ad-b835-b0b4b72a5625', 'expirationDate': '2023-09-26T17:34:05.126135779Z', 'incidenceAngleAcrossTrack': -3.385470873933525, 'format': 'image/jp2', 'illuminationAzimuthAngle': 166.8833401353424, 'incidenceAngleAlongTrack': -9.116924797938061, 'incidenceAngle': 9.70557262834742, 'processingCenter': 'FCMUGC', 'archiveIdentifier': 'DS_PHR1B_202209251102414_FR1_PX_E002N48_0521_01013', 'organisationName': 'AIRBUS DS GEO'}",c83c1891-05a4-46a6-a282-8a0361b6aa03,airbus,2022-09-25 11:02:41.430000+00:00,,,0.2,0.5,MINUTES,2,"POLYGON ((2.20821526 48.90929466, 2.20832807 48.80815739, 2.48552607 48.80617448, 2.48570476 48.90770884, 2.20821526 48.90929466))",229.34586822958053
3,8c5bb098-619f-4f44-b8c1-25f8bc9e744b,phr,phr,oneatlas,"{'commercialReference': 'SO22056234', 'qualified': False, 'sourceIdentifier': 'DS_PHR1B_202209251101531_FR1_PX_E002N49_0202_03010', 'acquisitionStation': 'FR1', 'archivingCenter': 'FR1', 'lastUpdateDate': '2022-09-26T15:36:32.980890576Z', 'processingDate': '2022-09-26T14:34:03.688', 'parentIdentifier': 'DS_PHR1B_202209251102301_FR1_PX_E002N49_0202_03014', 'azimuthAngle': 179.9898935604817, 'workspaceTitle': 'Public', 'productCategory': 'image', 'spectralRange': 'VISIBLE', 'activityId': 'b7b1d377-88c4-4840-8e9c-82cd8877a765', 'processingLevel': 'SENSOR', 'acquisitionIdentifier': '', 'productionStatus': 'IN_CLOUD', 'sensorType': 'OPTICAL', 'customerReference': 'C301000', 'geometryCentroid': {'lat': 49.06028624554985, 'lon': 2.126426478947967}, 'workspaceName': 'public', 'processorName': 'DRS-MM V2.9vV2.9', 'correlationId': '4dd8e260-3689-4ea5-a302-cf6bbcea1eb3', 'publicationDate': '2022-09-26T15:36:32.980890576Z', 'illuminationElevationAngle': 39.40098524798223, 'productType': 'bundle', 'workspaceId': '0e33eb50-3404-48ad-b835-b0b4b72a5625', 'expirationDate': '2023-09-26T15:36:32.980904543Z', 'incidenceAngleAcrossTrack': -0.3787299254943843, 'format': 'image/jp2', 'illuminationAzimuthAngle': 166.6393404124297, 'incidenceAngleAlongTrack': -12.6631364559803, 'incidenceAngle': 12.66843865050222, 'processingCenter': 'FCMUGC', 'archiveIdentifier': 'DS_PHR1B_202209251102301_FR1_PX_E002N49_0202_03014', 'organisationName': 'AIRBUS DS GEO'}",8c5bb098-619f-4f44-b8c1-25f8bc9e744b,airbus,2022-09-25 11:02:30.181000+00:00,,,1.56,0.5,MINUTES,3,"POLYGON ((1.98576743 49.21775726, 1.98659544 48.90348578, 2.26640616 48.90297088, 2.26708553 49.21750419, 1.98576743 49.21775726))",716.940060534704
4,64196bf6-d34a-42f0-ad9f-31cc9bb7d24d,phr,phr,oneatlas,"{'commercialReference': 'SO22050080', 'qualified': False, 'sourceIdentifier': 'DS_PHR1B_202208251051354_FR1_PX_E002N49_0502_01991', 'acquisitionStation': 'FR1', 'archivingCenter': 'FR1', 'lastUpdateDate': '2022-08-26T02:37:54.54628419Z', 'processingDate': '2022-08-26T01:21:13.602', 'parentIdentifier': 'DS_PHR1B_202208251052124_FR1_PX_E002N49_0502_01995', 'azimuthAngle': 179.9809915482609, 'workspaceTitle': 'Public', 'productCategory': 'image', 'spectralRange': 'VISIBLE', 'activityId': '86e89c1f-4a52-4943-9938-472d864f5c85', 'processingLevel': 'SENSOR', 'acquisitionIdentifier': '', 'productionStatus': 'IN_CLOUD', 'sensorType': 'OPTICAL', 'customerReference': 'C301000', 'geometryCentroid': {'lat': 49.060126384653145, 'lon': 2.3623714316469164}, 'workspaceName': 'public', 'processorName': 'DRS-MM V2.9vV2.9', 'correlationId': '390af2e7-c4d6-4c25-be85-7b00915e3453', 'publicationDate': '2022-08-26T02:37:54.54628419Z', 'illuminationElevationAngle': 49.76809286194738, 'productType': 'bundle', 'workspaceId': '0e33eb50-3404-48ad-b835-b0b4b72a5625', 'expirationDate': '2023-08-26T02:37:54.546300829Z', 'incidenceAngleAcrossTrack': 8.552776461694547, 'format': 'image/jp2', 'illuminationAzimuthAngle': 156.5561504070284, 'incidenceAngleAlongTrack': 17.65525964906907, 'incidenceAngle': 19.3932629639312, 'processingCenter': 'FCMUGC', 'archiveIdentifier': 'DS_PHR1B_202208251052124_FR1_PX_E002N49_0502_01995', 'organisationName': 'AIRBUS DS GEO'}",64196bf6-d34a-42f0-ad9f-31cc9bb7d24d,airbus,2022-08-25 10:52:12.431000+00:00,,,0.0,0.5,MINUTES,4,"POLYGON ((2.21580279 49.17353942, 2.21695197 48.9551091, 2.50784376 48.94670032, 2.50894008 49.16412426, 2.21580279 49.17353942))",517.23008981534
5,1914b806-0657-41aa-a071-e2609e669283,phr,phr,oneatlas,"{'commercialReference': 'SO22050106', 'qualified': False, 'sourceIdentifier': 'DS_PHR1B_202208251051275_FR1_PX_E002N49_0803_00970', 'acquisitionStation': 'SV1', 'archivingCenter': 'FR1', 'lastUpdateDate': '2022-08-26T05:03:55.306987388Z', 'processingDate': '2022-08-26T04:17:16.757', 'parentIdentifier': 'DS_PHR1B_202208251052045_FR1_PX_E002N49_0803_00974', 'azimuthAngle': 179.9819051731499, 'workspaceTitle': 'Public', 'productCategory': 'image', 'spectralRange': 'VISIBLE', 'activityId': '4dfa1624-4aba-408b-9cdb-200465266ed2', 'processingLevel': 'SENSOR', 'acquisitionIdentifier': '', 'productionStatus': 'IN_CLOUD', 'sensorType': 'OPTICAL', 'customerReference': 'C301000', 'geometryCentroid': {'lat': 49.09435621720097, 'lon': 2.5983854159365998}, 'workspaceName': 'public', 'processorName': 'DRS-MM V2.9vV2.9', 'correlationId': '40e35adf-2dbe-4b0e-9879-30585fadb55b', 'publicationDate': '2022-08-26T05:03:55.306987388Z', 'illuminationElevationAngle': 49.80356121514581, 'productType': 'bundle', 'workspaceId': '0e33eb50-3404-48ad-b835-b0b4b72a5625', 'expirationDate': '2023-08-26T05:03:55.306998091Z', 'incidenceAngleAcrossTrack': 8.204668491308553, 'format': 'image/jp2', 'illuminationAzimuthAngle': 156.9158055514423, 'incidenceAngleAlongTrack': 13.0790164563982, 'incidenceAngle': 15.29245375824403, 'processingCenter': 'FCMUGC', 'archiveIdentifier': 'DS_PHR1B_202208251052045_FR1_PX_E002N49_0803_00974', 'organisationName': 'AIRBUS DS GEO'}",1914b806-0657-41aa-a071-e2609e669283,airbus,2022-08-25 10:52:04.556000+00:00,,,6.11,0.5,MINUTES,5,"POLYGON ((2.45493298 49.14773834, 2.45558878 49.04678714, 2.74140157 49.04083472, 2.74183785 49.14123547, 2.45493298 49.14773834))",234.15298496794657
6,5157d8d8-b7ad-4a43-be30-32ab24bdd70f,phr,phr,oneatlas,"{'commercialReference': 'SO22049879', 'qualified': False, 'sourceIdentifier': 'DS_PHR1A_202208241058311_FR1_PX_E002N49_0202_02178', 'acquisitionStation': 'FR1', 'archivingCenter': 'FR1', 'lastUpdateDate': '2022-08-25T02:19:44.899102662Z', 'processingDate': '2022-08-25T01:22:46.025', 'parentIdentifier': 'DS_PHR1A_202208241059081_FR1_PX_E002N49_0202_02182', 'azimuthAngle': 179.9878695617106, 'workspaceTitle': 'Public', 'productCategory': 'image', 'spectralRange': 'VISIBLE', 'activityId': 'b565a3a7-cd3c-4612-a023-e1cbddf33962', 'processingLevel': 'SENSOR', 'acquisitionIdentifier': '', 'productionStatus': 'IN_CLOUD', 'sensorType': 'OPTICAL', 'customerReference': 'C301000', 'geometryCentroid': {'lat': 49.05226758178055, 'lon': 2.1275169565074186}, 'workspaceName': 'public', 'processorName': 'DRS-MM V2.9vV2.9', 'correlationId': '14fd3123-75b4-4392-b846-22c2d695fac7', 'publicationDate': '2022-08-25T02:19:44.899102662Z', 'illuminationElevationAngle': 50.47545582666307, 'productType': 'bundle', 'workspaceId': '0e33eb50-3404-48ad-b835-b0b4b72a5625', 'expirationDate': '2023-08-25T02:19:44.899110355Z', 'incidenceAngleAcrossTrack': 4.535053809384506, 'format': 'image/jp2', 'illuminationAzimuthAngle': 158.5562666428528, 'incidenceAngleAlongTrack': -8.825434808007152, 'incidenceAngle': 9.890081084479569, 'processingCenter': 'FCMUGC', 'archiveIdentifier': 'DS_PHR1A_202208241059081_FR1_PX_E002N49_0202_02182', 'organisationName': 'AIRBUS DS GEO'}",5157d8d8-b7ad-4a43-be30-32ab24bdd70f,airbus,2022-08-24 10:59:08.180000+00:00,,,16.82,0.5,MINUTES,6,"POLYGON ((1.98774259 49.16275054, 1.98841414 48.94008452, 2.26649943 48.94239202, 2.26729133 49.16445062, 1.98774259 49.16275054))",503.98039023177955
7,81dbc336-5535-41b5-91fd-c91d894bd337,phr,phr,oneatlas,"{'commercialReference': 'SO22049879', 'qualified': False, 'sourceIdentifier': 'DS_PHR1A_202208241058135_FR1_PX_E002N49_0502_01952', 'acquisitionStation': 'FR1', 'archivingCenter': 'FR1', 'lastUpdateDate': '2022-08-25T02:22:08.518024238Z', 'processingDate': '2022-08-25T01:02:39.746', 'parentIdentifier': 'DS_PHR1A_202208241058505_FR1_PX_E002N49_0502_01956', 'azimuthAngle': 179.9623365393539, 'workspaceTitle': 'Public', 'productCategory': 'image', 'spectralRange': 'VISIBLE', 'activityId': '0acdb2e7-79bf-4024-b80d-6815d59e846f', 'processingLevel': 'SENSOR', 'acquisitionIdentifier': '', 'productionStatus': 'IN_CLOUD', 'sensorType': 'OPTICAL', 'customerReference': 'C301000', 'geometryCentroid': {'lat': 49.06042232317101, 'lon': 2.3636120144406836}, 'workspaceName': 'public', 'processorName': 'DRS-MM V2.9vV2.9', 'correlationId': '846b9157-1db8-438d-a06f-46375c68e13e', 'publicationDate': '2022-08-25T02:22:08.518024238Z', 'illuminationElevationAngle': 50.46087938671617, 'productType': 'bundle', 'workspaceId': '0e33eb50-3404-48ad-b835-b0b4b72a5625', 'expirationDate': '2023-08-25T02:22:08.518036266Z', 'incidenceAngleAcrossTrack': 5.8480751778448, 'format': 'image/jp2', 'illuminationAzimuthAngle': 158.5409164392221, 'incidenceAngleAlongTrack': -18.81109008937221, 'incidenceAngle': 19.58092923714556, 'processingCenter': 'FCMUGC', 'archiveIdentifier': 'DS_PHR1A_202208241058505_FR1_PX_E002N49_0502_01956', 'organisationName': 'AIRBUS DS GEO'}",81dbc336-5535-41b5-91fd-c91d894bd337,airbus,2022-08-24 10:58:50.556000+00:00,,,7.42,0.5,MINUTES,7,"POLYGON ((2.21780497 49.1657346, 2.21849115 48.94909531, 2.50885237 48.9559666, 2.50941906 49.1717319, 2.21780497 49.1657346))",511.32930607675536
8,d70d9f08-c99e-41cc-a505-99cdd7f1913f,phr,phr,oneatlas,"{'commercialReference': 'SO22042156', 'qualified': False, 'sourceIdentifier': 'DS_PHR1B_202208111059031_FR1_PX_E002N48_0521_01104', 'acquisitionStation': 'SV1', 'archivingCenter': 'FR1', 'lastUpdateDate': '2022-08-12T04:15:07.169099796Z', 'processingDate': '2022-08-12T03:34:18.234', 'parentIdentifier': 'DS_PHR1B_202208111059401_FR1_PX_E002N48_0521_01108', 'azimuthAngle': 179.9880065243494, 'workspaceTitle': 'Public', 'productCategory': 'image', 'spectralRange': 'VISIBLE', 'activityId': '46f9a853-63fa-463a-a085-1806b69f6b02', 'processingLevel': 'SENSOR', 'acquisitionIdentifier': '', 'productionStatus': 'IN_CLOUD', 'sensorType': 'OPTICAL', 'customerReference': 'C301000', 'geometryCentroid': {'lat': 48.85746580752344, 'lon': 2.348539668756368}, 'workspaceName': 'public', 'processorName': 'DRS-MM V2.9vV2.9', 'correlationId': '630990cb-d3fc-49b0-8d4e-d658e24afb3a', 'publicationDate': '2022-08-12T04:15:07.169099796Z', 'illuminationElevationAngle': 54.5600317154048, 'productType': 'bundle', 'workspaceId': '0e33eb50-3404-48ad-b835-b0b4b72a5625', 'expirationDate': '2023-08-12T04:15:07.169110957Z', 'incidenceAngleAcrossTrack': -2.565610906859337, 'format': 'image/jp2', 'illuminationAzimuthAngle': 155.8993719356881, 'incidenceAngleAlongTrack': 9.169381256787737, 'incidenceAngle': 9.509895349648419, 'processingCenter': 'FCMUGC', 'archiveIdentifier': 'DS_PHR1B_202208111059401_FR1_PX_E002N48_0521_01108', 'organisationName': 'AIRBUS DS GEO'}",d70d9f08-c99e-41cc-a505-99cdd7f1913f,airbus,2022-08-11 10:59:40.180000+00:00,,,0.0,0.5,MINUTES,8,"POLYGON ((2.21005148 48.91237058, 2.21026587 48.80107978, 2.48677489 48.80254276, 2.48702786 48.91372823, 2.21005148 48.91237058))",251.21269864383487
9,5d8d471f-f16b-4993-a6bb-55326970126b,phr,phr,oneatlas,"{'commercialReference': 'SO22042127', 'qualified': False, 'sourceIdentifier': 'DS_PHR1B_202208111058525_FR1_PX_E002N49_0201_02632', 'acquisitionStation': 'FR1', 'archivingCenter': 'FR1', 'lastUpdateDate': '2022-08-12T02:53:09.139012934Z', 'processingDate': '2022-08-12T00:56:03.944', 'parentIdentifier': 'DS_PHR1B_202208111059295_FR1_PX_E002N49_0201_02636', 'azimuthAngle': 180.0141902223049, 'workspaceTitle': 'Public', 'productCategory': 'image', 'spectralRange': 'VISIBLE', 'activityId': 'c37c3c3d-05e6-45a9-9839-a92b8e8adbd8', 'processingLevel': 'SENSOR', 'acquisitionIdentifier': '', 'productionStatus': 'IN_CLOUD', 'sensorType': 'OPTICAL', 'customerReference': 'C301000', 'geometryCentroid': {'lat': 49.02968671375664, 'lon': 2.1263539414402373}, 'workspaceName': 'public', 'processorName': 'DRS-MM V2.9vV2.9', 'correlationId': '2faa1a31-373b-4a49-9df9-a10a91f8896c', 'publicationDate': '2022-08-12T02:53:09.139012934Z', 'illuminationElevationAngle': 54.34188534423257, 'productType': 'bundle', 'workspaceId': '0e33eb50-3404-48ad-b835-b0b4b72a5625', 'expirationDate': '2023-08-12T02:53:09.139025363Z', 'incidenceAngleAcrossTrack': 0.4254580201137647, 'format': 'image/jp2', 'illuminationAzimuthAngle': 155.6449380438128, 'incidenceAngleAlongTrack': 5.374202858954133, 'incidenceAngle': 5.390821509662164, 'processingCenter': 'FCMUGC', 'archiveIdentifier': 'DS_PHR1B_202208111059295_FR1_PX_E002N49_0201_02636', 'organisationName': 'AIRBUS DS GEO'}",5d8d471f-f16b-4993-a6bb-55326970126b,airbus,2022-08-11 10:59:29.556000+00:00,,,0.0,0.5,MINUTES,9,"POLYGON ((1.98843376 49.16168947, 1.98915069 48.8976728, 2.26347136 48.89768613, 2.26427413 49.1616861, 1.98843376 49.16168947))",590.6192484372856
10,7c1c46f0-4c50-4e03-900a-c6f2fb9d6241,phr,phr,oneatlas,"{'commercialReference': 'SO22042127', 'qualified': False, 'sourceIdentifier': 'DS_PHR1B_202208111058525_FR1_PX_E002N49_0201_02632', 'acquisitionStation': 'FR1', 'archivingCenter': 'FR1', 'lastUpdateDate': '2022-08-12T02:21:13.463885259Z', 'processingDate': '2022-08-12T00:56:03.944', 'parentIdentifier': 'DS_PHR1B_202208111059295_FR1_PX_E002N49_0201_02636', 'azimuthAngle': 180.0141902223049, 'workspaceTitle': 'Public', 'productCategory': 'image', 'spectralRange': 'VISIBLE', 'activityId': 'c37c3c3d-05e6-45a9-9839-a92b8e8adbd8', 'processingLevel': 'SENSOR', 'acquisitionIdentifier': '', 'productionStatus': 'IN_CLOUD', 'sensorType': 'OPTICAL', 'customerReference': 'C301000', 'geometryCentroid': {'lat': 49.02968671375664, 'lon': 2.1263539414402373}, 'workspaceName': 'public', 'processorName': 'DRS-MM V2.9vV2.9', 'correlationId': '2faa1a31-373b-4a49-9df9-a10a91f8896c', 'publicationDate': '2022-08-12T02:21:13.463885259Z', 'illuminationElevationAngle': 54.34188534423257, 'productType': 'bundle', 'workspaceId': '0e33eb50-3404-48ad-b835-b0b4b72a5625', 'expirationDate': '2023-08-12T02:21:13.463895783Z', 'incidenceAngleAcrossTrack': 0.4254580201137647, 'format': 'image/jp2', 'illuminationAzimuthAngle': 155.6449380438128, 'incidenceAngleAlongTrack': 5.374202858954133, 'incidenceAngle': 5.390821509662164, 'processingCenter': 'FCMUGC', 'archiveIdentifier': 'DS_PHR1B_202208111059295_FR1_PX_E002N49_0201_02636', 'organisationName': 'AIRBUS DS GEO'}",7c1c46f0-4c50-4e03-900a-c6f2fb9d6241,airbus,2022-08-11 10:59:29.556000+00:00,,,0.0,0.5,MINUTES,10,"POLYGON ((1.98843376 49.16168947, 1.98915069 48.8976728, 2.26347136 48.89768613, 2.26427413 49.1616861, 1.98843376 49.16168947))",590.6192484372856
11,6556e9df-f798-4a1f-a72c-5332e7200248,phr,phr,oneatlas,"{'commercialReference': 'SO22042160', 'qualified': False, 'sourceIdentifier': 'DS_PHR1B_202208111058439_FR1_PX_E002N49_0101_01196', 'acquisitionStation': 'SV1', 'archivingCenter': 'FR1', 'lastUpdateDate': '2022-08-12T05:06:33.268238129Z', 'processingDate': '2022-08-12T03:57:50.169', 'parentIdentifier': 'DS_PHR1B_202208111059209_FR1_PX_E002N49_0101_01200', 'azimuthAngle': 180.0226539504293, 'workspaceTitle': 'Public', 'productCategory': 'image', 'spectralRange': 'VISIBLE', 'activityId': '81ecd15e-ea2e-4b9d-bd39-19d21bcdb127', 'processingLevel': 'SENSOR', 'acquisitionIdentifier': '', 'productionStatus': 'IN_CLOUD', 'sensorType': 'OPTICAL', 'customerReference': 'C301000', 'geometryCentroid': {'lat': 49.035757467311726, 'lon': 2.0581471725965685}, 'workspaceName': 'public', 'processorName': 'DRS-MM V2.9vV2.9', 'correlationId': '2d04a733-cb31-407f-bb06-e1d54caab209', 'publicationDate': '2022-08-12T05:06:33.268238129Z', 'illuminationElevationAngle': 54.31447193137818, 'productType': 'bundle', 'workspaceId': '0e33eb50-3404-48ad-b835-b0b4b72a5625', 'expirationDate': '2023-08-12T05:06:33.268250228Z', 'incidenceAngleAcrossTrack': 2.431884752986482, 'format': 'image/jp2', 'illuminationAzimuthAngle': 155.5422217757929, 'incidenceAngleAlongTrack': -0.4085640141791573, 'incidenceAngle': 2.46588471052107, 'processingCenter': 'FCMUGC', 'archiveIdentifier': 'DS_PHR1B_202208111059209_FR1_PX_E002N49_0101_01200', 'organisationName': 'AIRBUS DS GEO'}",6556e9df-f798-4a1f-a72c-5332e7200248,airbus,2022-08-11 10:59:20.931000+00:00,,,0.0,0.5,MINUTES,11,"POLYGON ((1.9206996 49.0945554, 1.92099288 48.97676117, 2.19520283 48.97691412, 2.19559474 49.09455559, 1.9206996 49.0945554))",262.8126868128734
12,3651d7e8-911e-4288-bee7-b1ab5d887912,phr,phr,oneatlas,"{'commercialReference': 'SO22042127', 'qualified': False, 'sourceIdentifier': 'DS_PHR1B_202208111058333_FR1_PX_E002N49_0502_02445', 'acquisitionStation': 'FR1', 'archivingCenter': 'FR1', 'lastUpdateDate': '2022-08-12T01:47:55.466145689Z', 'processingDate': '2022-08-12T01:07:40.568', 'parentIdentifier': 'DS_PHR1B_202208111059103_FR1_PX_E002N49_0502_02449', 'azimuthAngle': 179.9929084869412, 'workspaceTitle': 'Public', 'productCategory': 'image', 'spectralRange': 'VISIBLE', 'activityId': '550ba760-eda9-44fb-8dcb-712ecf8028bb', 'processingLevel': 'SENSOR', 'acquisitionIdentifier': '', 'productionStatus': 'IN_CLOUD', 'sensorType': 'OPTICAL', 'customerReference': 'C301000', 'geometryCentroid': {'lat': 49.04249737379969, 'lon': 2.362605565514999}, 'workspaceName': 'public', 'processorName': 'DRS-MM V2.9vV2.9', 'correlationId': '6cca2c40-b467-4c24-8d9f-371898c90ef9', 'publicationDate': '2022-08-12T01:47:55.466145689Z', 'illuminationElevationAngle': 54.38848662297732, 'productType': 'bundle', 'workspaceId': '0e33eb50-3404-48ad-b835-b0b4b72a5625', 'expirationDate': '2023-08-12T01:47:55.466160305Z', 'incidenceAngleAcrossTrack': 1.95847171897192, 'format': 'image/jp2', 'illuminationAzimuthAngle': 156.0312383018016, 'incidenceAngleAlongTrack': -6.030214068766076, 'incidenceAngle': 6.335832858489275, 'processingCenter': 'FCMUGC', 'archiveIdentifier': 'DS_PHR1B_202208111059103_FR1_PX_E002N49_0502_02449', 'organisationName': 'AIRBUS DS GEO'}",3651d7e8-911e-4288-bee7-b1ab5d887912,airbus,2022-08-11 10:59:10.305000+00:00,,,0.0,0.5,MINUTES,12,"POLYGON ((2.22429102 49.16519929, 2.22504755 48.91927443, 2.50015865 48.92009939, 2.50092011 49.16575863, 2.22429102 49.16519929))",551.3042340974553
13,189cc98d-4f34-4018-9bd5-549cfed0c6a1,phr,phr,oneatlas,"{'commercialReference': 'SO22041379', 'qualified': False, 'sourceIdentifier': 'DS_PHR1B_202208061047358_FR1_PX_E002N49_0803_00970', 'acquisitionStation': 'SV1', 'archivingCenter': 'FR1', 'lastUpdateDate': '2022-08-09T03:07:26.327385175Z', 'processingDate': '2022-08-08T23:55:11.460', 'parentIdentifier': 'DS_PHR1B_202208061048128_FR1_PX_E002N49_0803_00974', 'azimuthAngle': 180.0297090223067, 'workspaceTitle': 'Public', 'productCategory': 'image', 'spectralRange': 'VISIBLE', 'activityId': 'b284f0b3-c935-4142-9d2a-60ec2ae6c1fe', 'processingLevel': 'SENSOR', 'acquisitionIdentifier': '', 'productionStatus': 'IN_CLOUD', 'sensorType': 'OPTICAL', 'customerReference': 'C301000', 'geometryCentroid': {'lat': 49.096273892807254, 'lon': 2.5984370157253625}, 'workspaceName': 'public', 'processorName': 'DRS-MM V2.9vV2.9', 'correlationId': '2a1de705-46f8-4791-8cc9-72b3b51f0a7e', 'publicationDate': '2022-08-09T03:07:26.327385175Z', 'illuminationElevationAngle': 54.92631773447742, 'productType': 'bundle', 'workspaceId': '0e33eb50-3404-48ad-b835-b0b4b72a5625', 'expirationDate': '2023-08-09T03:07:26.32739763Z', 'incidenceAngleAcrossTrack': 15.16067491662623, 'format': 'image/jp2', 'illuminationAzimuthAngle': 151.0476047721971, 'incidenceAngleAlongTrack': 9.301012943794797, 'incidenceAngle': 17.5681373711841, 'processingCenter': 'FCMUGC', 'archiveIdentifier': 'DS_PHR1B_202208061048128_FR1_PX_E002N49_0803_00974', 'organisationName': 'AIRBUS DS GEO'}",189cc98d-4f34-4018-9bd5-549cfed0c6a1,airbus,2022-08-06 10:48:12.806000+00:00,,,0.0,0.5,MINUTES,13,"POLYGON ((2.44966242 49.15038035, 2.45056868 49.04959913, 2.74667961 49.04201568, 2.74721161 49.1419076, 2.44966242 49.15038035))",241.88164750070774
14,a9c166fa-ce59-40f9-82bd-8acf083eda49,phr,phr,oneatlas,"{'commercialReference': 'SO22040536', 'qualified': False, 'sourceIdentifier': 'DS_PHR1A_202208031110286_FR1_PX_E001N49_1101_00894', 'acquisitionStation': 'SV1', 'archivingCenter': 'FR1', 'lastUpdateDate': '2022-08-08T03:02:28.920074027Z', 'processingDate': '2022-08-04T03:39:00.653', 'parentIdentifier': 'DS_PHR1A_202208031111056_FR1_PX_E001N49_1101_00898', 'azimuthAngle': 180.0234742768181, 'workspaceTitle': 'Public', 'productCategory': 'image', 'spectralRange': 'VISIBLE', 'activityId': '7e1100d4-0e3d-451c-8f03-3aebb1d110db', 'processingLevel': 'SENSOR', 'acquisitionIdentifier': '', 'productionStatus': 'IN_CLOUD', 'sensorType': 'OPTICAL', 'customerReference': 'C301000', 'geometryCentroid': {'lat': 49.0320525915636, 'lon': 1.8907379988421982}, 'workspaceName': 'public', 'processorName': 'DRS-MM V2.9vV2.9', 'correlationId': '994cd888-2cd4-4f14-9072-1f96ab4f275a', 'publicationDate': '2022-08-08T03:02:28.920074027Z', 'illuminationElevationAngle': 57.13802190434854, 'productType': 'bundle', 'workspaceId': '0e33eb50-3404-48ad-b835-b0b4b72a5625', 'expirationDate': '2023-08-08T03:02:28.920082704Z', 'incidenceAngleAcrossTrack': -17.24703834406233, 'format': 'image/jp2', 'illuminationAzimuthAngle': 158.7266947282347, 'incidenceAngleAlongTrack': 7.684917049502161, 'incidenceAngle': 18.7014152603366, 'processingCenter': 'FCMUGC', 'archiveIdentifier': 'DS_PHR1A_202208031111056_FR1_PX_E001N49_1101_00898', 'organisationName': 'AIRBUS DS GEO'}",a9c166fa-ce59-40f9-82bd-8acf083eda49,airbus,2022-08-03 11:11:05.680000+00:00,,,0.0,0.5,MINUTES,14,"POLYGON ((1.74001158 49.07419237, 1.74035292 48.98188884, 2.04135302 48.98876184, 2.04146441 49.08205365, 1.74001158 49.07419237))",227.32964600868266
15,8552a5dc-8bc5-4414-857d-901d21b6f32b,phr,phr,oneatlas,"{'commercialReference': 'SO22037500', 'qualified': False, 'sourceIdentifier': 'DS_PHR1B_202207161058081_FR1_PX_E002N49_0502_02556', 'acquisitionStation': 'FR1', 'archivingCenter': 'FR1', 'lastUpdateDate': '2022-07-18T13:15:43.686643052Z', 'processingDate': '2022-07-18T11:53:16.457', 'parentIdentifier': 'DS_PHR1B_202207161058451_FR1_PX_E002N49_0502_02560', 'azimuthAngle': 180.0047870750485, 'workspaceTitle': 'Public', 'productCategory': 'image', 'spectralRange': 'VISIBLE', 'activityId': 'f99db2be-208a-4d84-b3e1-2ccdda88df57', 'processingLevel': 'SENSOR', 'acquisitionIdentifier': '', 'productionStatus': 'IN_CLOUD', 'sensorType': 'OPTICAL', 'customerReference': 'C301000', 'geometryCentroid': {'lat': 49.05627220347292, 'lon': 2.3625878274639844}, 'workspaceName': 'public', 'processorName': 'DRS-MM V2.9vV2.9', 'correlationId': '79f2576b-1989-4a6d-acb2-97ebe805d6e2', 'publicationDate': '2022-07-18T13:15:43.686643052Z', 'illuminationElevationAngle': 60.07742827867433, 'productType': 'bundle', 'workspaceId': '0e33eb50-3404-48ad-b835-b0b4b72a5625', 'expirationDate': '2023-07-18T13:15:43.686652533Z', 'incidenceAngleAcrossTrack': 5.129482745011054, 'format': 'image/jp2', 'illuminationAzimuthAngle': 151.8035097023017, 'incidenceAngleAlongTrack': -17.12903343477659, 'incidenceAngle': 17.79672037954245, 'processingCenter': 'FCMUGC', 'archiveIdentifier': 'DS_PHR1B_202207161058451_FR1_PX_E002N49_0502_02560', 'organisationName': 'AIRBUS DS GEO'}",8552a5dc-8bc5-4414-857d-901d21b6f32b,airbus,2022-07-16 10:58:45.181000+00:00,,,0.51,0.5,MINUTES,15,"POLYGON ((2.2182014 49.19313422, 2.21915467 48.91462741, 2.50617216 48.92032757, 2.50697425 49.19800614, 2.2182014 49.19313422))",650.7655760848033
16,7e48c954-e692-4af5-bc29-ccccd541b0a0,phr,phr,oneatlas,"{'commercialReference': 'SO22034295', 'qualified': False, 'sourceIdentifier': 'DS_PHR1B_202206271054509_FR1_PX_E002N49_0202_03312', 'acquisitionStation': 'FR1', 'archivingCenter': 'FR1', 'lastUpdateDate': '2022-07-01T01:21:48.769727073Z', 'processingDate': '2022-07-01T00:06:37.614', 'parentIdentifier': 'DS_PHR1B_202206271055279_FR1_PX_E002N49_0202_03316', 'azimuthAngle': 180.0100114724568, 'workspaceTitle': 'Public', 'productCategory': 'image', 'spectralRange': 'VISIBLE', 'activityId': '370f4ab5-2721-4307-a9a2-0870cb6e67e8', 'processingLevel': 'SENSOR', 'acquisitionIdentifier': '', 'productionStatus': 'IN_CLOUD', 'sensorType': 'OPTICAL', 'customerReference': 'C301000', 'geometryCentroid': {'lat': 49.066783125881564, 'lon': 2.1264657399548534}, 'workspaceName': 'public', 'processorName': 'DRS-MM V2.9vV2.9', 'correlationId': '648292ed-8118-4b98-8bfc-0b6b0c1dc833', 'publicationDate': '2022-07-01T01:21:48.769727073Z', 'illuminationElevationAngle': 61.85874206223333, 'productType': 'bundle', 'workspaceId': '0e33eb50-3404-48ad-b835-b0b4b72a5625', 'expirationDate': '2023-07-01T01:21:48.769737487Z', 'incidenceAngleAcrossTrack': 6.052880332205002, 'format': 'image/jp2', 'illuminationAzimuthAngle': 149.9762981688218, 'incidenceAngleAlongTrack': 10.15542275860134, 'incidenceAngle': 11.75866906029519, 'processingCenter': 'FCMUGC', 'archiveIdentifier': 'DS_PHR1B_202206271055279_FR1_PX_E002N49_0202_03316', 'organisationName': 'AIRBUS DS GEO'}",7e48c954-e692-4af5-bc29-ccccd541b0a0,airbus,2022-06-27 10:55:27.930000+00:00,,,24.43,0.5,MINUTES,16,"POLYGON ((1.98519006 49.23945446, 1.98677113 48.8970417, 2.26622492 48.89433888, 2.26774142 49.23544064, 1.98519006 49.23945446))",780.4389886469403
17,006728c5-b427-4ec2-a572-cf8a585277b9,phr,phr,oneatlas,"{'commercialReference': 'SO22032704', 'qualified': False, 'sourceIdentifier': 'DS_PHR1A_202206211051466_FR1_PX_E002N49_0802_01689', 'acquisitionStation': 'SV1', 'archivingCenter': 'FR1', 'lastUpdateDate': '2022-06-22T04:36:54.191122691Z', 'processingDate': '2022-06-22T03:33:18.156', 'parentIdentifier': 'DS_PHR1A_202206211052236_FR1_PX_E002N49_0802_01693', 'azimuthAngle': 180.0143880819444, 'workspaceTitle': 'Public', 'productCategory': 'image', 'spectralRange': 'VISIBLE', 'activityId': '3e47c655-0d0f-442d-83d7-f8e1f85882da', 'processingLevel': 'SENSOR', 'acquisitionIdentifier': '', 'productionStatus': 'IN_CLOUD', 'sensorType': 'OPTICAL', 'customerReference': 'C301000', 'geometryCentroid': {'lat': 49.04202450291403, 'lon': 2.5996165252434604}, 'workspaceName': 'public', 'processorName': 'DRS-MM V2.9vV2.9', 'correlationId': 'cefe16df-e254-415b-bbd7-d5d4bf3e03e0', 'publicationDate': '2022-06-22T04:36:54.191122691Z', 'illuminationElevationAngle': 62.01127895128667, 'productType': 'bundle', 'workspaceId': '0e33eb50-3404-48ad-b835-b0b4b72a5625', 'expirationDate': '2023-06-22T04:36:54.191126963Z', 'incidenceAngleAcrossTrack': 6.692045507846697, 'format': 'image/jp2', 'illuminationAzimuthAngle': 149.9405108413952, 'incidenceAngleAlongTrack': 16.98806418750715, 'incidenceAngle': 18.12118382567677, 'processingCenter': 'FCMUGC', 'archiveIdentifier': 'DS_PHR1A_202206211052236_FR1_PX_E002N49_0802_01693', 'organisationName': 'AIRBUS DS GEO'}",006728c5-b427-4ec2-a572-cf8a585277b9,airbus,2022-06-21 10:52:23.681000+00:00,,,10.49,0.5,MINUTES,17,"POLYGON ((2.45469423 49.13701143, 2.45553271 48.95352637, 2.74362579 48.94697714, 2.74453882 49.12979339, 2.45469423 49.13701143))",430.31560143912185
18,aeeadfc9-d1f2-4a93-b64a-f659fa906d80,phr,phr,oneatlas,"{'commercialReference': 'SO22032704', 'qualified': False, 'sourceIdentifier': 'DS_PHR1A_202206211051374_FR1_PX_E002N49_0501_01574', 'acquisitionStation': 'SV1', 'archivingCenter': 'FR1', 'lastUpdateDate': '2022-06-22T04:11:33.087380468Z', 'processingDate': '2022-06-22T03:34:06.140', 'parentIdentifier': 'DS_PHR1A_202206211052144_FR1_PX_E002N49_0501_01578', 'azimuthAngle': 179.9502683492967, 'workspaceTitle': 'Public', 'productCategory': 'image', 'spectralRange': 'VISIBLE', 'activityId': '54bff585-4ebf-49a2-a157-a660d63530c6', 'processingLevel': 'SENSOR', 'acquisitionIdentifier': '', 'productionStatus': 'IN_CLOUD', 'sensorType': 'OPTICAL', 'customerReference': 'C301000', 'geometryCentroid': {'lat': 49.03384407927951, 'lon': 2.363350570547962}, 'workspaceName': 'public', 'processorName': 'DRS-MM V2.9vV2.9', 'correlationId': '4dcf417a-0693-475e-80d0-e473b78ffd8d', 'publicationDate': '2022-06-22T04:11:33.087380468Z', 'illuminationElevationAngle': 61.94541777417511, 'productType': 'bundle', 'workspaceId': '0e33eb50-3404-48ad-b835-b0b4b72a5625', 'expirationDate': '2023-06-22T04:11:33.087386323Z', 'incidenceAngleAcrossTrack': 9.585878897392087, 'format': 'image/jp2', 'illuminationAzimuthAngle': 149.4965505738674, 'incidenceAngleAlongTrack': 11.58764474286686, 'incidenceAngle': 14.87657783232551, 'processingCenter': 'FCMUGC', 'archiveIdentifier': 'DS_PHR1A_202206211052144_FR1_PX_E002N49_0501_01578', 'organisationName': 'AIRBUS DS GEO'}",aeeadfc9-d1f2-4a93-b64a-f659fa906d80,airbus,2022-06-21 10:52:14.430000+00:00,,,1.6,0.5,MINUTES,18,"POLYGON ((2.21945971 49.11908904, 2.22043059 48.9545257, 2.50634295 48.9485177, 2.50724143 49.1120744, 2.21945971 49.11908904))",382.6906811171733
19,993a663f-f28b-4fa4-9672-8541e81a6a62,phr,phr,oneatlas,"{'commercialReference': 'SO22032476', 'qualified': False, 'sourceIdentifier': 'DS_PHR1B_202206181113230_FR1_PX_E002N48_0819_05880', 'acquisitionStation': 'FR1', 'archivingCenter': 'FR1', 'lastUpdateDate': '2022-06-20T16:42:51.679793545Z', 'processingDate': '2022-06-20T15:15:15.226', 'parentIdentifier': 'DS_PHR1B_202206181114000_FR1_PX_E002N48_0819_05884', 'azimuthAngle': 180.004478240777, 'workspaceTitle': 'Public', 'productCategory': 'image', 'spectralRange': 'VISIBLE', 'activityId': '0717dfb2-811e-46b2-8774-b40aa4b369b6', 'processingLevel': 'SENSOR', 'acquisitionIdentifier': '', 'productionStatus': 'IN_CLOUD', 'sensorType': 'OPTICAL', 'customerReference': 'C301000', 'geometryCentroid': {'lat': 48.75305701847585, 'lon': 2.595950724200091}, 'workspaceName': 'public', 'processorName': 'DRS-MM V2.9vV2.9', 'correlationId': '08b977cb-84f9-45d1-a47d-802c84dad7a7', 'publicationDate': '2022-06-20T16:42:51.679793545Z', 'illuminationElevationAngle': 63.80951906982096, 'productType': 'bundle', 'workspaceId': '0e33eb50-3404-48ad-b835-b0b4b72a5625', 'expirationDate': '2023-06-20T16:42:51.679799061Z', 'incidenceAngleAcrossTrack': -23.43460127055274, 'format': 'image/jp2', 'illuminationAzimuthAngle': 160.6195391661881, 'incidenceAngleAlongTrack': -7.419826303064148, 'incidenceAngle': 24.35134143922626, 'processingCenter': 'FCMUGC', 'archiveIdentifier': 'DS_PHR1B_202206181114000_FR1_PX_E002N48_0819_05884', 'organisationName': 'AIRBUS DS GEO'}",993a663f-f28b-4fa4-9672-8541e81a6a62,airbus,2022-06-18 11:14:00.055000+00:00,,,0.01,0.5,MINUTES,19,"POLYGON ((2.43546588 49.08069453, 2.43361212 48.44099324, 2.75828933 48.42661077, 2.75663469 49.07453914, 2.43546588 49.08069453))",1699.9763071631298
20,960d801b-df02-4879-93c9-3d9d83172c8a,phr,phr,oneatlas,"{'commercialReference': 'SO22032487', 'qualified': False, 'sourceIdentifier': 'DS_PHR1B_202206181112521_FR1_PX_E002N48_0517_06636', 'acquisitionStation': 'FR1', 'archivingCenter': 'FR1', 'lastUpdateDate': '2022-06-20T21:17:16.047104231Z', 'processingDate': '2022-06-20T19:49:46.174', 'parentIdentifier': 'DS_PHR1B_202206181113291_FR1_PX_E002N48_0517_06640', 'azimuthAngle': 180.0144240703374, 'workspaceTitle': 'Public', 'productCategory': 'image', 'spectralRange': 'VISIBLE', 'activityId': 'baa61e85-80fc-4e4b-87fb-e9145da520bd', 'processingLevel': 'SENSOR', 'acquisitionIdentifier': '', 'productionStatus': 'IN_CLOUD', 'sensorType': 'OPTICAL', 'customerReference': 'C301000', 'geometryCentroid': {'lat': 48.67045393887163, 'lon': 2.360491770511686}, 'workspaceName': 'public', 'processorName': 'DRS-MM V2.9vV2.9', 'correlationId': '8794bb99-bea8-4523-8e3a-dfc4712b39b1', 'publicationDate': '2022-06-20T21:17:16.047104231Z', 'illuminationElevationAngle': 63.77524042826735, 'productType': 'bundle', 'workspaceId': '0e33eb50-3404-48ad-b835-b0b4b72a5625', 'expirationDate': '2023-06-20T21:17:16.047108426Z', 'incidenceAngleAcrossTrack': -17.09558463978723, 'format': 'image/jp2', 'illuminationAzimuthAngle': 159.5828553155054, 'incidenceAngleAlongTrack': -24.62484374849196, 'incidenceAngle': 28.89793327314154, 'processingCenter': 'FCMUGC', 'archiveIdentifier': 'DS_PHR1B_202206181113291_FR1_PX_E002N48_0517_06640', 'organisationName': 'AIRBUS DS GEO'}",960d801b-df02-4879-93c9-3d9d83172c8a,airbus,2022-06-18 11:13:29.181000+00:00,,,0.02,0.5,MINUTES,20,"POLYGON ((2.20166638 49.09344141, 2.19918947 48.2815092, 2.52179407 48.24959671, 2.52017918 49.07063884, 2.20166638 49.09344141))",2143.6557423445597
21,4f07e1f7-23fc-4da4-8307-876f8afa79a9,phr,phr,oneatlas,"{'commercialReference': 'SO22025235', 'qualified': False, 'sourceIdentifier': 'DS_PHR1B_202205181102096_FR1_PX_E002N49_0502_02085', 'acquisitionStation': 'FR1', 'archivingCenter': 'FR1', 'lastUpdateDate': '2022-05-19T05:37:17.052747045Z', 'processingDate': '2022-05-19T04:16:04.230', 'parentIdentifier': 'DS_PHR1B_202205181102466_FR1_PX_E002N49_0502_02089', 'azimuthAngle': 180.0172424208134, 'workspaceTitle': 'Public', 'productCategory': 'image', 'spectralRange': 'VISIBLE', 'activityId': '9bd60a59-ede6-4483-81af-2d81ab177a0f', 'processingLevel': 'SENSOR', 'acquisitionIdentifier': '', 'productionStatus': 'IN_CLOUD', 'sensorType': 'OPTICAL', 'customerReference': 'C301000', 'geometryCentroid': {'lat': 49.05944257691427, 'lon': 2.362380209578815}, 'workspaceName': 'public', 'processorName': 'DRS-MM V2.9vV2.9', 'correlationId': '31b9f240-c957-4590-b939-f883b3ac1295', 'publicationDate': '2022-05-19T05:37:17.052747045Z', 'illuminationElevationAngle': 59.36321856705793, 'productType': 'bundle', 'workspaceId': '0e33eb50-3404-48ad-b835-b0b4b72a5625', 'expirationDate': '2023-05-19T05:37:17.05275023Z', 'incidenceAngleAcrossTrack': -3.624404830969603, 'format': 'image/jp2', 'illuminationAzimuthAngle': 158.8671623877473, 'incidenceAngleAlongTrack': -8.518630712458929, 'incidenceAngle': 9.236939113652095, 'processingCenter': 'FCMUGC', 'archiveIdentifier': 'DS_PHR1B_202205181102466_FR1_PX_E002N49_0502_02089', 'organisationName': 'AIRBUS DS GEO'}",4f07e1f7-23fc-4da4-8307-876f8afa79a9,airbus,2022-05-18 11:02:46.681000+00:00,,,13.82,0.5,MINUTES,21,"POLYGON ((2.22311998 49.16617176, 2.22353666 48.954602, 2.50125937 48.95269866, 2.50164044 49.16465846, 2.22311998 49.16617176))",478.6971331064416
22,367337de-59b8-4d23-bfe5-948b388db74d,phr,phr,oneatlas,"{'commercialReference': 'SO22024410', 'qualified': False, 'sourceIdentifier': 'DS_PHR1B_202205131051158_FR1_PX_E002N48_0719_01783', 'acquisitionStation': 'FR1', 'archivingCenter': 'FR1', 'lastUpdateDate': '2022-05-14T01:37:05.878701241Z', 'processingDate': '2022-05-14T01:01:35.836', 'parentIdentifier': 'DS_PHR1B_202205131051528_FR1_PX_E002N48_0719_01787', 'azimuthAngle': 180.002607330843, 'workspaceTitle': 'Public', 'productCategory': 'image', 'spectralRange': 'VISIBLE', 'activityId': '3d3bd4ba-f379-47f8-b38b-bd06b114a0ef', 'processingLevel': 'SENSOR', 'acquisitionIdentifier': '', 'productionStatus': 'IN_CLOUD', 'sensorType': 'OPTICAL', 'customerReference': 'C301000', 'geometryCentroid': {'lat': 48.76486181515766, 'lon': 2.5815243983860383}, 'workspaceName': 'public', 'processorName': 'DRS-MM V2.9vV2.9', 'correlationId': '94af150e-5a16-41d8-aaf5-646235958cec', 'publicationDate': '2022-05-14T01:37:05.878701241Z', 'illuminationElevationAngle': 57.86642572275274, 'productType': 'bundle', 'workspaceId': '0e33eb50-3404-48ad-b835-b0b4b72a5625', 'expirationDate': '2023-05-14T01:37:05.878706168Z', 'incidenceAngleAcrossTrack': 8.81242820200241, 'format': 'image/jp2', 'illuminationAzimuthAngle': 154.902419173019, 'incidenceAngleAlongTrack': 7.049175846738461, 'incidenceAngle': 11.21656203612712, 'processingCenter': 'FCMUGC', 'archiveIdentifier': 'DS_PHR1B_202205131051528_FR1_PX_E002N48_0719_01787', 'organisationName': 'AIRBUS DS GEO'}",367337de-59b8-4d23-bfe5-948b388db74d,airbus,2022-05-13 10:51:52.805000+00:00,,,0.0,0.5,MINUTES,22,"POLYGON ((2.44074832 48.85704343, 2.44170468 48.67564079, 2.72149362 48.67262162, 2.72230048 48.85316185, 2.44074832 48.85704343))",415.2514664197346
23,7798fa64-1a78-4412-b69b-043a91965c76,phr,phr,oneatlas,"{'commercialReference': 'SO22024410', 'qualified': False, 'sourceIdentifier': 'DS_PHR1B_202205131050549_FR1_PX_E002N49_0502_02102', 'acquisitionStation': 'FR1', 'archivingCenter': 'FR1', 'lastUpdateDate': '2022-05-14T02:12:28.671675123Z', 'processingDate': '2022-05-14T01:05:18.227', 'parentIdentifier': 'DS_PHR1B_202205131051319_FR1_PX_E002N49_0502_02106', 'azimuthAngle': 179.9944049980494, 'workspaceTitle': 'Public', 'productCategory': 'image', 'spectralRange': 'VISIBLE', 'activityId': '4031118b-f81f-414d-b1f6-81b2f2fa6ae8', 'processingLevel': 'SENSOR', 'acquisitionIdentifier': '', 'productionStatus': 'IN_CLOUD', 'sensorType': 'OPTICAL', 'customerReference': 'C301000', 'geometryCentroid': {'lat': 49.05910257546236, 'lon': 2.362618643972615}, 'workspaceName': 'public', 'processorName': 'DRS-MM V2.9vV2.9', 'correlationId': 'f0d014d7-bdf0-435b-8ae5-7c85871fb613', 'publicationDate': '2022-05-14T02:12:28.671675123Z', 'illuminationElevationAngle': 57.53714682480841, 'productType': 'bundle', 'workspaceId': '0e33eb50-3404-48ad-b835-b0b4b72a5625', 'expirationDate': '2023-05-14T02:12:28.671679059Z', 'incidenceAngleAcrossTrack': 13.13143623041573, 'format': 'image/jp2', 'illuminationAzimuthAngle': 154.7300723122332, 'incidenceAngleAlongTrack': -2.362512278677286, 'incidenceAngle': 13.32798899858292, 'processingCenter': 'FCMUGC', 'archiveIdentifier': 'DS_PHR1B_202205131051319_FR1_PX_E002N49_0502_02106', 'organisationName': 'AIRBUS DS GEO', 'snowCover': 0}",7798fa64-1a78-4412-b69b-043a91965c76,airbus,2022-05-13 10:51:31.931000+00:00,,,7.22,0.5,MINUTES,23,"POLYGON ((2.21785692 49.16592309, 2.21880093 48.95118248, 2.50628052 48.95370059, 2.50738037 49.16699781, 2.21785692 49.16592309))",501.84848998375986
24,6be2843c-ad7c-496d-a97c-3ba2dde16fc4,phr,phr,oneatlas,"{'commercialReference': 'SO22023737', 'qualified': False, 'sourceIdentifier': 'DS_PHR1B_202205111106053_FR1_PX_E002N48_0619_02369', 'acquisitionStation': 'FR1', 'archivingCenter': 'FR1', 'lastUpdateDate': '2022-05-13T02:41:44.952982124Z', 'processingDate': '2022-05-13T01:58:56.122', 'parentIdentifier': 'DS_PHR1B_202205111106423_FR1_PX_E002N48_0619_02373', 'azimuthAngle': 180.0250687417861, 'workspaceTitle': 'Public', 'productCategory': 'image', 'spectralRange': 'VISIBLE', 'activityId': 'f3229216-2d83-492c-807f-d11356e62e82', 'processingLevel': 'SENSOR', 'acquisitionIdentifier': '', 'productionStatus': 'IN_CLOUD', 'sensorType': 'OPTICAL', 'customerReference': 'C301000', 'geometryCentroid': {'lat': 48.752140826482226, 'lon': 2.4296493928397793}, 'workspaceName': 'public', 'processorName': 'DRS-MM V2.9vV2.9', 'correlationId': 'be1c647b-85c6-471b-be97-34d669635ff2', 'publicationDate': '2022-05-13T02:41:44.952982124Z', 'illuminationElevationAngle': 58.28216193846642, 'productType': 'bundle', 'workspaceId': '0e33eb50-3404-48ad-b835-b0b4b72a5625', 'expirationDate': '2023-05-13T02:41:44.952987001Z', 'incidenceAngleAcrossTrack': -11.85667013609111, 'format': 'image/jp2', 'illuminationAzimuthAngle': 161.3690929272753, 'incidenceAngleAlongTrack': -5.583385989090636, 'incidenceAngle': 13.03913177141576, 'processingCenter': 'FCMUGC', 'archiveIdentifier': 'DS_PHR1B_202205111106423_FR1_PX_E002N48_0619_02373', 'organisationName': 'AIRBUS DS GEO'}",6be2843c-ad7c-496d-a97c-3ba2dde16fc4,airbus,2022-05-11 11:06:42.305000+00:00,,,0.0,0.5,MINUTES,24,"POLYGON ((2.2870739 48.87509152, 2.28699827 48.63366529, 2.57207886 48.62921461, 2.57230051 48.87208053, 2.2870739 48.87509152))",564.6374070112279
25,19ca438f-0ed1-4bc5-865d-a3022ae52560,phr,phr,oneatlas,"{'commercialReference': 'SO22023758', 'qualified': False, 'sourceIdentifier': 'DS_PHR1B_202205111105560_FR1_PX_E002N48_0524_01800', 'acquisitionStation': 'SV1', 'archivingCenter': 'FR1', 'lastUpdateDate': '2022-05-13T04:07:52.464507371Z', 'processingDate': '2022-05-13T02:43:31.661', 'parentIdentifier': 'DS_PHR1B_202205111106330_FR1_PX_E002N48_0524_01804', 'azimuthAngle': 180.0001081849431, 'workspaceTitle': 'Public', 'productCategory': 'image', 'spectralRange': 'VISIBLE', 'activityId': '8fbda1c6-8ff2-403a-92e2-2badac109fed', 'processingLevel': 'SENSOR', 'acquisitionIdentifier': '', 'productionStatus': 'IN_CLOUD', 'sensorType': 'OPTICAL', 'customerReference': 'C301000', 'geometryCentroid': {'lat': 48.983725459571176, 'lon': 2.362319408474305}, 'workspaceName': 'public', 'processorName': 'DRS-MM V2.9vV2.9', 'correlationId': '24060461-3302-42a6-886a-eb69191845ea', 'publicationDate': '2022-05-13T04:07:52.464507371Z', 'illuminationElevationAngle': 58.04671759757491, 'productType': 'bundle', 'workspaceId': '0e33eb50-3404-48ad-b835-b0b4b72a5625', 'expirationDate': '2023-05-13T04:07:52.464512125Z', 'incidenceAngleAcrossTrack': -9.78494311682749, 'format': 'image/jp2', 'illuminationAzimuthAngle': 161.3705853850021, 'incidenceAngleAlongTrack': -8.959974078286436, 'incidenceAngle': 13.15230221205111, 'processingCenter': 'FCMUGC', 'archiveIdentifier': 'DS_PHR1B_202205111106330_FR1_PX_E002N48_0524_01804', 'organisationName': 'AIRBUS DS GEO'}",19ca438f-0ed1-4bc5-865d-a3022ae52560,airbus,2022-05-11 11:06:33.056000+00:00,,,0.0,0.5,MINUTES,25,"POLYGON ((2.21997477 49.0786, 2.22009899 48.89421274, 2.50466405 48.88879629, 2.5045454 49.07421918, 2.21997477 49.0786))",428.3061955937141
26,dfb6e782-675f-4b6c-92a9-46a77afdb611,phr,phr,oneatlas,"{'commercialReference': 'SO22022728', 'qualified': False, 'sourceIdentifier': 'DS_PHR1B_202205061055203_FR1_PX_E002N48_0218_03125', 'acquisitionStation': 'FR1', 'archivingCenter': 'FR1', 'lastUpdateDate': '2022-05-09T06:38:53.062416373Z', 'processingDate': '2022-05-09T06:06:14.524', 'parentIdentifier': 'DS_PHR1B_202205061055573_FR1_PX_E002N48_0218_03129', 'azimuthAngle': 180.0036401241452, 'workspaceTitle': 'Public', 'productCategory': 'image', 'spectralRange': 'VISIBLE', 'activityId': 'd21742a5-4797-4b83-befa-e76ef5231130', 'processingLevel': 'SENSOR', 'acquisitionIdentifier': '', 'productionStatus': 'IN_CLOUD', 'sensorType': 'OPTICAL', 'customerReference': 'C301000', 'geometryCentroid': {'lat': 48.74128194870845, 'lon': 2.1261464107597847}, 'workspaceName': 'public', 'processorName': 'DRS-MM V2.9vV2.9', 'correlationId': 'd1aaa281-7096-46f5-82ba-a34d8646dddd', 'publicationDate': '2022-05-09T06:38:53.062416373Z', 'illuminationElevationAngle': 56.25448323931123, 'productType': 'bundle', 'workspaceId': '0e33eb50-3404-48ad-b835-b0b4b72a5625', 'expirationDate': '2023-05-09T06:38:53.062421259Z', 'incidenceAngleAcrossTrack': 2.341754784582595, 'format': 'image/jp2', 'illuminationAzimuthAngle': 156.6473608437935, 'incidenceAngleAlongTrack': 19.11870542676585, 'incidenceAngle': 19.24156770514443, 'processingCenter': 'FCMUGC', 'archiveIdentifier': 'DS_PHR1B_202205061055573_FR1_PX_E002N48_0218_03129', 'organisationName': 'AIRBUS DS GEO'}",dfb6e782-675f-4b6c-92a9-46a77afdb611,airbus,2022-05-06 10:55:57.306000+00:00,,,8.04,0.5,MINUTES,26,"POLYGON ((1.98199702 48.91597396, 1.98340309 48.56917543, 2.26888764 48.56681441, 2.2702958 48.91342974, 1.98199702 48.91597396))",813.5519452816558
27,b9e48087-e70a-408f-a9bd-2233de10a6c1,phr,phr,oneatlas,"{'commercialReference': 'SO22022728', 'qualified': False, 'sourceIdentifier': 'DS_PHR1B_202205061055091_FR1_PX_E002N48_0619_02312', 'acquisitionStation': 'FR1', 'archivingCenter': 'FR1', 'lastUpdateDate': '2022-05-09T07:09:13.560342534Z', 'processingDate': '2022-05-09T06:01:52.486', 'parentIdentifier': 'DS_PHR1B_202205061055461_FR1_PX_E002N48_0619_02316', 'azimuthAngle': 180.0078857016569, 'workspaceTitle': 'Public', 'productCategory': 'image', 'spectralRange': 'VISIBLE', 'activityId': '401574ca-3543-43e7-86f2-05c53863877f', 'processingLevel': 'SENSOR', 'acquisitionIdentifier': '', 'productionStatus': 'IN_CLOUD', 'sensorType': 'OPTICAL', 'customerReference': 'C301000', 'geometryCentroid': {'lat': 48.75231223246869, 'lon': 2.429843185971554}, 'workspaceName': 'public', 'processorName': 'DRS-MM V2.9vV2.9', 'correlationId': '724cd2ac-52a9-44f2-9c91-41432ee1d11f', 'publicationDate': '2022-05-09T07:09:13.560342534Z', 'illuminationElevationAngle': 56.32581518415255, 'productType': 'bundle', 'workspaceId': '0e33eb50-3404-48ad-b835-b0b4b72a5625', 'expirationDate': '2023-05-09T07:09:13.560347156Z', 'incidenceAngleAcrossTrack': 2.060560713515421, 'format': 'image/jp2', 'illuminationAzimuthAngle': 157.1565685454416, 'incidenceAngleAlongTrack': 12.62866081467951, 'incidenceAngle': 12.78516742315817, 'processingCenter': 'FCMUGC', 'archiveIdentifier': 'DS_PHR1B_202205061055461_FR1_PX_E002N48_0619_02316', 'organisationName': 'AIRBUS DS GEO'}",b9e48087-e70a-408f-a9bd-2233de10a6c1,airbus,2022-05-06 10:55:46.180000+00:00,,,6.87,0.5,MINUTES,27,"POLYGON ((2.29000823 48.87344533, 2.2907172 48.63259857, 2.56871309 48.63120462, 2.56967814 48.87189076, 2.29000823 48.87344533))",548.9755140777748
28,4b89e1e0-ec8b-4d78-a25f-951be434da51,phr,phr,oneatlas,"{'commercialReference': 'SO22023059', 'qualified': False, 'sourceIdentifier': 'DS_PHR1B_202205061054596_FR1_PX_E002N48_0719_01783', 'acquisitionStation': 'SV1', 'archivingCenter': 'FR1', 'lastUpdateDate': '2022-05-07T17:34:32.090995887Z', 'processingDate': '2022-05-07T16:31:05.853', 'parentIdentifier': 'DS_PHR1B_202205061055366_FR1_PX_E002N48_0719_01787', 'azimuthAngle': 180.0172265627134, 'workspaceTitle': 'Public', 'productCategory': 'image', 'spectralRange': 'VISIBLE', 'activityId': '074cbb39-7941-4e12-8ea1-2a8a8f2c39fc', 'processingLevel': 'SENSOR', 'acquisitionIdentifier': '', 'productionStatus': 'IN_CLOUD', 'sensorType': 'OPTICAL', 'customerReference': 'C301000', 'geometryCentroid': {'lat': 48.76548503348361, 'lon': 2.581522399962824}, 'workspaceName': 'public', 'processorName': 'DRS-MM V2.9vV2.9', 'correlationId': '7b08f684-3237-4060-a166-adb58757fba2', 'publicationDate': '2022-05-07T17:34:32.090995887Z', 'illuminationElevationAngle': 56.34886819815145, 'productType': 'bundle', 'workspaceId': '0e33eb50-3404-48ad-b835-b0b4b72a5625', 'expirationDate': '2023-05-07T17:34:32.091001732Z', 'incidenceAngleAcrossTrack': 2.577255143567449, 'format': 'image/jp2', 'illuminationAzimuthAngle': 157.4193508457266, 'incidenceAngleAlongTrack': 6.975247472137371, 'incidenceAngle': 7.4273902135687, 'processingCenter': 'FCMUGC', 'archiveIdentifier': 'DS_PHR1B_202205061055366_FR1_PX_E002N48_0719_01787', 'organisationName': 'AIRBUS DS GEO'}",4b89e1e0-ec8b-4d78-a25f-951be434da51,airbus,2022-05-06 10:55:36.681000+00:00,,,10.0,0.5,MINUTES,28,"POLYGON ((2.44375843 48.85555915, 2.44438514 48.67620853, 2.7186757 48.6753545, 2.71928637 48.85443169, 2.44375843 48.85555915))",402.77353924455355
29,01c94024-1ed0-461a-9ab0-75a5a8a7e645,phr,phr,oneatlas,"{'commercialReference': 'SO22021537', 'qualified': False, 'sourceIdentifier': 'DS_PHR1A_202204301050533_FR1_PX_E002N49_0302_03084', 'acquisitionStation': 'FR1', 'archivingCenter': 'FR1', 'lastUpdateDate': '2022-05-01T01:40:48.435020526Z', 'processingDate': '2022-04-30T23:41:43.396', 'parentIdentifier': 'DS_PHR1A_202204301051303_FR1_PX_E002N49_0302_03088', 'azimuthAngle': 179.9903936863936, 'workspaceTitle': 'Public', 'productCategory': 'image', 'spectralRange': 'VISIBLE', 'activityId': '0d9a4b10-2b73-447e-b860-b4327617526f', 'processingLevel': 'SENSOR', 'acquisitionIdentifier': '', 'productionStatus': 'IN_CLOUD', 'sensorType': 'OPTICAL', 'customerReference': 'C301000', 'geometryCentroid': {'lat': 49.06000338009796, 'lon': 2.224954581667381}, 'workspaceName': 'public', 'processorName': 'DRS-MM V2.9vV2.9', 'correlationId': 'afde8567-6ced-4216-a068-b64da53bfb4c', 'publicationDate': '2022-05-01T01:40:48.435020526Z', 'illuminationElevationAngle': 53.99499456112834, 'productType': 'bundle', 'workspaceId': '0e33eb50-3404-48ad-b835-b0b4b72a5625', 'expirationDate': '2023-05-01T01:40:48.435024512Z', 'incidenceAngleAcrossTrack': 12.83102556452569, 'format': 'image/jp2', 'illuminationAzimuthAngle': 155.9770924315993, 'incidenceAngleAlongTrack': 3.422168208323646, 'incidenceAngle': 13.25078766238903, 'processingCenter': 'FCMUGC', 'archiveIdentifier': 'DS_PHR1A_202204301051303_FR1_PX_E002N49_0302_03088', 'organisationName': 'AIRBUS DS GEO'}",01c94024-1ed0-461a-9ab0-75a5a8a7e645,airbus,2022-04-30 10:51:30.306000+00:00,,,0.0,0.5,MINUTES,29,"POLYGON ((2.08005107 49.21914923, 2.08175945 48.90249266, 2.36814004 48.90101552, 2.3698581 49.21563203, 2.08005107 49.21914923))",739.0829542564724
