image_id,id,constellation,collection,providerName,providerProperties,sceneId,producer,acquisitionDate,start_datetime,end_datetime,cloudCoverage,resolution,deliveryTime,image_id,area,geometry
0,2cd9c387-d34d-4e3f-98b4-013f6b9dacc6,phr,phr,oneatlas,"{'commercialReference': 'SO22038771', 'qualified': False, 'sourceIdentifier': 'DS_PHR1A_202207221301461_FR1_PX_W044S23_1002_01724', 'acquisitionStation': 'FR1', 'archivingCenter': 'FR1', 'lastUpdateDate': '2022-07-23T14:11:22.427502197Z', 'processingDate': '2022-07-23T13:05:58.731', 'parentIdentifier': 'DS_PHR1A_202207221302231_FR1_PX_W044S23_1002_01728', 'azimuthAngle': 179.9659259990912, 'workspaceTitle': 'Public', 'productCategory': 'image', 'spectralRange': 'VISIBLE', 'activityId': '0657df86-3813-4d59-b6a5-6fc85be0ac03', 'processingLevel': 'SENSOR', 'acquisitionIdentifier': '', 'sensorType': 'OPTICAL', 'productionStatus': 'IN_CLOUD', 'customerReference': 'C301000', 'geometryCentroid': {'lat': -22.931921125209282, 'lon': -43.24733427332621}, 'correlationId': '57728305-eb0f-4a71-a112-e695f5269f43', 'processorName': 'DRS-MM V2.9vV2.9', 'workspaceName': 'public', 'publicationDate': '2022-07-23T14:11:22.427502197Z', 'productType': 'bundle', 'illuminationElevationAngle': 38.32502720765213, 'workspaceId': '0e33eb50-3404-48ad-b835-b0b4b72a5625', 'expirationDate': '2023-07-23T14:11:22.427516861Z', 'incidenceAngleAcrossTrack': 15.62228548531937, 'illuminationAzimuthAngle': 35.91158775920394, 'format': 'image/jp2', 'incidenceAngleAlongTrack': 11.98185021939702, 'incidenceAngle': 19.34313925690546, 'processingCenter': 'FCMUGC', 'archiveIdentifier': 'DS_PHR1A_202207221302231_FR1_PX_W044S23_1002_01728', 'organisationName': 'AIRBUS DS GEO'}",2cd9c387-d34d-4e3f-98b4-013f6b9dacc6,airbus,2022-07-22 13:02:23.181000+00:00,,,12.46,0.5,MINUTES,0,451.6734218122087,"POLYGON ((-43.35471817 -22.83375447, -43.35444091 -23.01986507, -43.14016034 -23.03006299, -43.13995038 -22.84546702, -43.35471817 -22.83375447))"
1,1a5357db-9c6b-4cba-8f76-e55c589ef43d,phr,phr,oneatlas,"{'commercialReference': 'SO22025937', 'qualified': False, 'sourceIdentifier': 'DS_PHR1A_202205221320070_FR1_PX_W044S23_1002_01650', 'acquisitionStation': 'FR1', 'archivingCenter': 'FR1', 'lastUpdateDate': '2022-05-24T03:36:11.415495643Z', 'processingDate': '2022-05-23T17:47:45.791', 'parentIdentifier': 'DS_PHR1A_202205221320440_FR1_PX_W044S23_1002_01654', 'azimuthAngle': 179.9498804910723, 'workspaceTitle': 'Public', 'productCategory': 'image', 'spectralRange': 'VISIBLE', 'activityId': 'cbbbb373-0d7d-4c07-91aa-a34dad5a981a', 'processingLevel': 'SENSOR', 'acquisitionIdentifier': '', 'sensorType': 'OPTICAL', 'productionStatus': 'IN_CLOUD', 'customerReference': 'C301000', 'geometryCentroid': {'lat': -22.930289531973806, 'lon': -43.247045132193186}, 'correlationId': '8d39e917-0e11-492e-a923-56fbe6da7afe', 'processorName': 'DRS-MM V2.9vV2.9', 'workspaceName': 'public', 'publicationDate': '2022-05-24T03:36:11.415495643Z', 'productType': 'bundle', 'illuminationElevationAngle': 41.5456138635117, 'workspaceId': '0e33eb50-3404-48ad-b835-b0b4b72a5625', 'expirationDate': '2023-05-24T03:36:11.415500345Z', 'incidenceAngleAcrossTrack': -25.12246355449179, 'illuminationAzimuthAngle': 28.51604560248576, 'format': 'image/jp2', 'incidenceAngleAlongTrack': 11.16328158057905, 'incidenceAngle': 26.96449884709094, 'processingCenter': 'FCMUGC', 'archiveIdentifier': 'DS_PHR1A_202205221320440_FR1_PX_W044S23_1002_01654', 'organisationName': 'AIRBUS DS GEO'}",1a5357db-9c6b-4cba-8f76-e55c589ef43d,airbus,2022-05-22 13:20:44.056000+00:00,,,0.0,0.5,MINUTES,1,506.02751711814864,"POLYGON ((-43.36667746 -22.8470938, -43.36734408 -23.03141615, -43.12674618 -23.01596594, -43.12717839 -22.82912264, -43.36667746 -22.8470938))"
2,376d05ad-272f-48b6-b903-00a7668d695e,phr,phr,oneatlas,"{'commercialReference': 'SO22003464', 'qualified': False, 'sourceIdentifier': 'DS_PHR1B_202201271305293_FR1_PX_W044S23_1004_04596', 'acquisitionStation': 'SV1', 'archivingCenter': 'FR1', 'lastUpdateDate': '2022-01-28T04:16:47.456995011Z', 'processingDate': '2022-01-28T03:24:56.980', 'parentIdentifier': 'DS_PHR1B_202201271306063_FR1_PX_W044S23_1004_04600', 'azimuthAngle': 180.0018581357985, 'workspaceTitle': 'Public', 'productCategory': 'image', 'spectralRange': 'VISIBLE', 'activityId': 'c205a345-62d0-470e-a02a-923e498d0978', 'processingLevel': 'SENSOR', 'acquisitionIdentifier': None, 'sensorType': 'OPTICAL', 'productionStatus': 'IN_CLOUD', 'customerReference': 'C301000', 'geometryCentroid': [-43.21563483529059, -22.851364557786887], 'correlationId': '057ab70b-385a-40e4-8271-85a23b652daf', 'processorName': 'DRS-MM V2.9vV2.9', 'workspaceName': 'public', 'publicationDate': '2022-01-28T04:16:47.456995011Z', 'productType': 'bundle', 'illuminationElevationAngle': 61.71826136998928, 'workspaceId': '0e33eb50-3404-48ad-b835-b0b4b72a5625', 'expirationDate': '2023-01-28T04:16:47.457000735Z', 'incidenceAngleAcrossTrack': 5.964746039724869, 'illuminationAzimuthAngle': 86.74114305605963, 'format': 'image/jp2', 'incidenceAngleAlongTrack': 18.29696986774433, 'incidenceAngle': 19.125228174074, 'processingCenter': 'FCMUGC', 'archiveIdentifier': 'DS_PHR1B_202201271306063_FR1_PX_W044S23_1004_04600', 'organisationName': 'AIRBUS DS GEO', 'snowCover': 0}",376d05ad-272f-48b6-b903-00a7668d695e,airbus,2022-01-27 13:06:06.306000+00:00,,,0.05,0.5,MINUTES,2,1208.4427513901699,"POLYGON ((-43.31943447 -22.59189373, -43.31926362 -23.10533918, -43.11206784 -23.11109855, -43.1118352 -22.59924744, -43.31943447 -22.59189373))"
3,be50d442-aeaa-4f38-923d-1b83f6754168,phr,phr,oneatlas,"{'qualified': False, 'sourceIdentifier': 'DS_PHR1B_202205021323543_FR1_PX_W044S23_1002_01654', 'acquisitionStation': 'FR1', 'archivingCenter': 'FR1', 'lastUpdateDate': '2022-05-16T22:52:35Z', 'processingDate': '2022-05-02T22:45:07.725Z', 'parentIdentifier': 'DS_PHR1B_202205021323543_FR1_PX_W044S23_1002_01654', 'title': '', 'azimuthAngle': 180.085634637513, 'workspaceTitle': 'Public', 'productCategory': 'image', 'spectralRange': 'VISIBLE', 'activityId': 'b4f365da-8ad2-41af-b5e8-d6033406b8da', 'processingLevel': 'ALBUM', 'acquisitionIdentifier': '', 'sensorType': 'OPTICAL', 'productionStatus': 'ARCHIVED', 'geometryCentroid': {'lat': -22.936113258139187, 'lon': -43.24776433746656}, 'correlationId': 'e44fac87-5b2e-4c8e-b5d6-c59c5a596bf1', 'processorName': 'MMCAT', 'workspaceName': 'public', 'publicationDate': '2022-05-02T22:47:25.626326972Z', 'productType': 'mono', 'illuminationElevationAngle': 46.20817682560043, 'workspaceId': '0e33eb50-3404-48ad-b835-b0b4b72a5625', 'expirationDate': '2032-05-13T22:52:04.026574949Z', 'incidenceAngleAcrossTrack': -28.28885364565956, 'illuminationAzimuthAngle': 31.06199834530232, 'format': 'image/tiff', 'incidenceAngleAlongTrack': -16.2358808144561, 'incidenceAngle': 31.46354448097417, 'processingCenter': 'MOC', 'archiveIdentifier': 'DS_PHR1B_202205021323543_FR1_PX_W044S23_1002_01654', 'organisationName': 'AIRBUS DS GEO', 'snowCover': 0}",be50d442-aeaa-4f38-923d-1b83f6754168,airbus,2022-05-02 13:23:54.305000+00:00,,,68.71960024319806,0.5,HOURS,3,569.7410917900496,"POLYGON ((-43.37621106 -23.01792093, -43.27118084 -23.02970488, -43.11934948 -23.04857785, -43.11931761 -23.03232091, -43.12012232 -22.85110743, -43.20143101 -22.84171272, -43.37540849 -22.82360762, -43.37621106 -23.01792093))"
4,8f84f422-fa52-44f5-8749-f066a0330ba6,phr,phr,oneatlas,"{'qualified': False, 'sourceIdentifier': 'DS_PHR1B_202208231306106_FR1_PX_W044S23_1002_01636', 'acquisitionStation': 'FR1', 'archivingCenter': 'FR1', 'lastUpdateDate': '2022-08-24T13:23:01.039892691Z', 'processingDate': '2022-08-23T22:43:38.763Z', 'parentIdentifier': 'DS_PHR1B_202208231306106_FR1_PX_W044S23_1002_01636', 'title': '', 'azimuthAngle': 180.0280330259019, 'workspaceTitle': 'Public', 'productCategory': 'image', 'spectralRange': 'VISIBLE', 'activityId': 'fdf88886-7281-414a-948c-b3652523f0e1', 'processingLevel': 'ALBUM', 'acquisitionIdentifier': '', 'sensorType': 'OPTICAL', 'productionStatus': 'ARCHIVED', 'geometryCentroid': {'lat': -22.934357293400765, 'lon': -43.24807319742733}, 'correlationId': '1599402c-d4a8-4b66-8f9a-8a02002a6e90', 'processorName': 'MMCAT', 'workspaceName': 'public', 'publicationDate': '2022-08-24T13:23:01.039892691Z', 'productType': 'mono', 'illuminationElevationAngle': 46.58187213758125, 'workspaceId': '0e33eb50-3404-48ad-b835-b0b4b72a5625', 'expirationDate': '2032-08-21T09:07:25.007554821Z', 'incidenceAngleAcrossTrack': 5.77861219475623, 'illuminationAzimuthAngle': 41.0299006358192, 'format': 'image/tiff', 'incidenceAngleAlongTrack': 19.67491175297013, 'incidenceAngle': 20.38522654559519, 'processingCenter': 'MOC', 'archiveIdentifier': 'DS_PHR1B_202208231306106_FR1_PX_W044S23_1002_01636', 'organisationName': 'AIRBUS DS GEO', 'snowCover': 0}",8f84f422-fa52-44f5-8749-f066a0330ba6,airbus,2022-08-23 13:06:10.680000+00:00,,,15.819106827626284,0.5,HOURS,4,436.1994367475603,"POLYGON ((-43.35255187 -23.02300568, -43.28665196 -23.02448373, -43.14365177 -23.02958277, -43.14356416 -22.84609004, -43.22986945 -22.84246041, -43.35258223 -22.83910806, -43.35255187 -23.02300568))"
5,43f74dbc-3740-4a13-8300-0c73fa745bf4,phr,phr,oneatlas,"{'commercialReference': 'SO22003464', 'qualified': False, 'sourceIdentifier': 'DS_PHR1B_202201271305155_FR1_PX_W044S23_0806_03370', 'acquisitionStation': 'SV1', 'archivingCenter': 'FR1', 'lastUpdateDate': '2022-01-28T04:15:16.127762838Z', 'processingDate': '2022-01-28T03:25:47.635', 'parentIdentifier': 'DS_PHR1B_202201271305525_FR1_PX_W044S23_0806_03374', 'azimuthAngle': 179.9820111357923, 'workspaceTitle': 'Public', 'productCategory': 'image', 'spectralRange': 'VISIBLE', 'activityId': 'c25f558e-19bd-4795-bcd9-f1c6d5b9d82a', 'processingLevel': 'SENSOR', 'acquisitionIdentifier': None, 'sensorType': 'OPTICAL', 'productionStatus': 'IN_CLOUD', 'customerReference': 'C301000', 'geometryCentroid': [-43.38264575668938, -22.773754657177413], 'correlationId': '0b9879ca-1623-48ac-a254-b38a1495371f', 'processorName': 'DRS-MM V2.9vV2.9', 'workspaceName': 'public', 'publicationDate': '2022-01-28T04:15:16.127762838Z', 'productType': 'bundle', 'illuminationElevationAngle': 61.33773602552187, 'workspaceId': '0e33eb50-3404-48ad-b835-b0b4b72a5625', 'expirationDate': '2023-01-28T04:15:16.127767619Z', 'incidenceAngleAcrossTrack': 9.43779758901145, 'illuminationAzimuthAngle': 87.08522248157743, 'format': 'image/jp2', 'incidenceAngleAlongTrack': 10.70567726370278, 'incidenceAngle': 14.13002986555757, 'processingCenter': 'FCMUGC', 'archiveIdentifier': 'DS_PHR1B_202201271305525_FR1_PX_W044S23_0806_03374', 'organisationName': 'AIRBUS DS GEO', 'snowCover': 0}",43f74dbc-3740-4a13-8300-0c73fa745bf4,airbus,2022-01-27 13:05:52.555000+00:00,,,0.15,0.5,MINUTES,5,816.5640760678531,"POLYGON ((-43.48315913 -22.59458648, -43.48474062 -22.94768816, -43.2805509 -22.9530148, -43.281127 -22.59910712, -43.48315913 -22.59458648))"
6,c20ed0b9-8536-41a4-bf02-0f48b1202fb8,phr,phr,oneatlas,"{'commercialReference': 'SO22040820', 'qualified': False, 'sourceIdentifier': 'DS_PHR1B_202208041301203_FR1_PX_W044S23_1002_01750', 'acquisitionStation': 'FR1', 'archivingCenter': 'FR1', 'lastUpdateDate': '2022-08-08T19:51:22.672489213Z', 'processingDate': '2022-08-05T21:48:22.742', 'parentIdentifier': 'DS_PHR1B_202208041301573_FR1_PX_W044S23_1002_01754', 'azimuthAngle': 179.9644572867514, 'workspaceTitle': 'Public', 'productCategory': 'image', 'spectralRange': 'VISIBLE', 'activityId': '727f8e45-46f9-4d22-a8b2-fe9a43b03556', 'processingLevel': 'SENSOR', 'acquisitionIdentifier': '', 'sensorType': 'OPTICAL', 'productionStatus': 'IN_CLOUD', 'customerReference': 'C301000', 'geometryCentroid': {'lat': -22.932916344374245, 'lon': -43.24816283262415}, 'correlationId': '9ba46215-e91d-4e1b-9a67-eeefc5657b08', 'processorName': 'DRS-MM V2.9vV2.9', 'workspaceName': 'public', 'publicationDate': '2022-08-08T19:51:22.672489213Z', 'productType': 'bundle', 'illuminationElevationAngle': 40.70889994237915, 'workspaceId': '0e33eb50-3404-48ad-b835-b0b4b72a5625', 'expirationDate': '2023-08-08T19:51:22.672514565Z', 'incidenceAngleAcrossTrack': 17.59241190066356, 'illuminationAzimuthAngle': 38.40108568069106, 'format': 'image/jp2', 'incidenceAngleAlongTrack': 4.249967057231079, 'incidenceAngle': 18.03860548431328, 'processingCenter': 'FCMUGC', 'archiveIdentifier': 'DS_PHR1B_202208041301573_FR1_PX_W044S23_1002_01754', 'organisationName': 'AIRBUS DS GEO'}",c20ed0b9-8536-41a4-bf02-0f48b1202fb8,airbus,2022-08-04 13:01:57.306000+00:00,,,2.91,0.5,MINUTES,6,447.0954285380084,"POLYGON ((-43.35583836 -22.83932978, -43.35550578 -23.02315268, -43.14067026 -23.02647339, -43.14048731 -22.84431571, -43.35583836 -22.83932978))"
7,e532e98c-0cf4-4cb1-8a2b-9bc07e4f1459,phr,phr,oneatlas,"{'qualified': False, 'sourceIdentifier': 'DS_PHR1A_202208031309271_FR1_PX_W044S23_1002_01728', 'acquisitionStation': 'FR1', 'archivingCenter': 'FR1', 'lastUpdateDate': '2022-08-18T22:34:34.714051696Z', 'processingDate': '2022-08-03T21:09:45.081Z', 'parentIdentifier': 'DS_PHR1A_202208031309271_FR1_PX_W044S23_1002_01728', 'title': '', 'azimuthAngle': 180.0083939189352, 'workspaceTitle': 'Public', 'productCategory': 'image', 'spectralRange': 'VISIBLE', 'activityId': 'ffab75a3-ca65-4410-88a2-6e311a9b2e96', 'processingLevel': 'ALBUM', 'acquisitionIdentifier': '', 'sensorType': 'OPTICAL', 'productionStatus': 'ARCHIVED', 'geometryCentroid': {'lat': -22.932111077694522, 'lon': -43.24806620199969}, 'correlationId': '5e5330bf-d5e4-41e8-9231-eef9b46841d7', 'processorName': 'MMCAT', 'workspaceName': 'public', 'publicationDate': '2022-08-18T22:34:34.714051696Z', 'productType': 'mono', 'illuminationElevationAngle': 41.59959209367328, 'workspaceId': '0e33eb50-3404-48ad-b835-b0b4b72a5625', 'expirationDate': '2032-08-14T21:27:05.329949198Z', 'incidenceAngleAcrossTrack': 2.363817854329795, 'illuminationAzimuthAngle': 36.16220815961077, 'format': 'image/tiff', 'incidenceAngleAlongTrack': -3.583656080576468, 'incidenceAngle': 4.289657207196914, 'processingCenter': 'MOC', 'archiveIdentifier': 'DS_PHR1A_202208031309271_FR1_PX_W044S23_1002_01728', 'organisationName': 'AIRBUS DS GEO', 'snowCover': 0}",e532e98c-0cf4-4cb1-8a2b-9bc07e4f1459,airbus,2022-08-03 13:09:27.181000+00:00,,,51.69559849349375,0.5,HOURS,7,385.99371027441373,"POLYGON ((-43.346332 -23.01902804, -43.29407025 -23.01835075, -43.1498004 -23.01848061, -43.14991154 -22.8455824, -43.2020755 -22.84517084, -43.34623531 -22.84590964, -43.346332 -23.01902804))"
8,01dcb278-90cb-4f97-bbff-c972bc10bc7d,phr,phr,oneatlas,"{'commercialReference': 'SO22036096', 'qualified': False, 'sourceIdentifier': 'DS_PHR1B_202207071316345_FR1_PX_W044S23_1002_01724', 'acquisitionStation': 'FR1', 'archivingCenter': 'FR1', 'lastUpdateDate': '2022-07-08T22:09:34.332025169Z', 'processingDate': '2022-07-08T20:31:10.413', 'parentIdentifier': 'DS_PHR1B_202207071317115_FR1_PX_W044S23_1002_01728', 'azimuthAngle': 180.0823117553334, 'workspaceTitle': 'Public', 'productCategory': 'image', 'spectralRange': 'VISIBLE', 'activityId': '2aa5bd80-0c9d-4c99-aac7-c525ab4a3776', 'processingLevel': 'SENSOR', 'acquisitionIdentifier': '', 'sensorType': 'OPTICAL', 'productionStatus': 'IN_CLOUD', 'customerReference': 'C301000', 'geometryCentroid': {'lat': -22.932682001455515, 'lon': -43.24785664618759}, 'correlationId': '5829a6fc-00f2-481b-9432-c4426de207ae', 'processorName': 'DRS-MM V2.9vV2.9', 'workspaceName': 'public', 'publicationDate': '2022-07-08T22:09:34.332025169Z', 'productType': 'bundle', 'illuminationElevationAngle': 38.42986804487196, 'workspaceId': '0e33eb50-3404-48ad-b835-b0b4b72a5625', 'expirationDate': '2023-07-08T22:09:34.332038209Z', 'incidenceAngleAcrossTrack': -17.81662768531677, 'illuminationAzimuthAngle': 30.17820425762512, 'format': 'image/jp2', 'incidenceAngleAlongTrack': 12.28834462925623, 'incidenceAngle': 21.21849492677374, 'processingCenter': 'FCMUGC', 'archiveIdentifier': 'DS_PHR1B_202207071317115_FR1_PX_W044S23_1002_01728', 'organisationName': 'AIRBUS DS GEO'}",01dcb278-90cb-4f97-bbff-c972bc10bc7d,airbus,2022-07-07 13:17:11.556000+00:00,,,0.0,0.5,MINUTES,8,465.7760937408123,"POLYGON ((-43.35727243 -22.84648531, -43.35774231 -23.03255765, -43.13797098 -23.02060776, -43.1383753 -22.83277985, -43.35727243 -22.84648531))"
9,f908944a-85be-4358-a01b-c437e4d32ab5,phr,phr,oneatlas,"{'qualified': False, 'sourceIdentifier': 'DS_PHR1B_202201131313178_FR1_PX_W044S23_0408_04978', 'acquisitionStation': 'SV1', 'archivingCenter': 'FR1', 'lastUpdateDate': '2022-01-27T18:36:33Z', 'processingDate': '2022-01-13T17:36:56.297Z', 'parentIdentifier': 'DS_PHR1B_202201131313178_FR1_PX_W044S23_0408_04978', 'azimuthAngle': 180.0187566025016, 'workspaceTitle': 'Public', 'productCategory': 'image', 'spectralRange': 'VISIBLE', 'activityId': '458a8417-640a-4d7c-b149-74d3ba3fdae0', 'processingLevel': 'ALBUM', 'acquisitionIdentifier': None, 'sensorType': 'OPTICAL', 'productionStatus': 'ARCHIVED', 'geometryCentroid': [-43.71854860634702, -22.688419339340708], 'correlationId': 'mmcat_3269b851e7c67969974b1a837252c2cd', 'processorName': 'MMCAT', 'workspaceName': 'public', 'publicationDate': '2022-01-13T18:18:13.359533694Z', 'productType': 'mono', 'illuminationElevationAngle': 64.37851728254412, 'workspaceId': '0e33eb50-3404-48ad-b835-b0b4b72a5625', 'expirationDate': '2032-01-25T18:33:07.843324972Z', 'incidenceAngleAcrossTrack': -3.039692430441933, 'illuminationAzimuthAngle': 92.78843047076712, 'incidenceAngleAlongTrack': 3.76521450942488, 'incidenceAngle': 4.83358568991068, 'processingCenter': 'MOC', 'archiveIdentifier': 'DS_PHR1B_202201131313178_FR1_PX_W044S23_0408_04978', 'organisationName': 'AIRBUS DS GEO', 'snowCover': 0}",f908944a-85be-4358-a01b-c437e4d32ab5,airbus,2022-01-13 13:13:17.806000+00:00,,,73.5,0.5,HOURS,9,1126.0133615551356,"POLYGON ((-43.81708585 -22.94072807, -43.76478561 -22.94015762, -43.62001136 -22.94049835, -43.62051927 -22.54402407, -43.62085863 -22.43661844, -43.72121466 -22.43635968, -43.81653784 -22.43732714, -43.81708585 -22.94072807))"
10,42a437e7-640a-4449-992e-15eec4fc8dc0,phr,phr,oneatlas,"{'qualified': False, 'sourceIdentifier': 'DS_PHR1A_202209171314014_FR1_PX_W044S23_1002_01712', 'acquisitionStation': 'FR1', 'archivingCenter': 'FR1', 'lastUpdateDate': '2022-09-17T23:07:36.173034638Z', 'processingDate': '2022-09-17T22:53:13.186Z', 'parentIdentifier': 'DS_PHR1A_202209171314014_FR1_PX_W044S23_1002_01712', 'title': '', 'azimuthAngle': 179.970070482339, 'workspaceTitle': 'Public', 'productCategory': 'image', 'spectralRange': 'VISIBLE', 'activityId': '65a1ba75-259c-44e2-b8a2-f1edfad5cce7', 'processingLevel': 'ALBUM', 'acquisitionIdentifier': '', 'sensorType': 'OPTICAL', 'productionStatus': 'ARCHIVED', 'geometryCentroid': {'lat': -22.9326188099687, 'lon': -43.24791751982671}, 'correlationId': 'ed5ccfd0-5534-415b-a0e0-cf990653eff1', 'processorName': 'MMCAT', 'workspaceName': 'public', 'publicationDate': '2022-09-17T23:07:36.173034638Z', 'productType': 'mono', 'illuminationElevationAngle': 56.2303396732854, 'workspaceId': '0e33eb50-3404-48ad-b835-b0b4b72a5625', 'expirationDate': '2032-09-14T23:07:04.862112542Z', 'incidenceAngleAcrossTrack': -10.82904615522397, 'illuminationAzimuthAngle': 45.46380706009056, 'format': 'image/tiff', 'incidenceAngleAlongTrack': 15.82948274143036, 'incidenceAngle': 18.88173400101529, 'processingCenter': 'MOC', 'archiveIdentifier': 'DS_PHR1A_202209171314014_FR1_PX_W044S23_1002_01712', 'organisationName': 'AIRBUS DS GEO', 'snowCover': 0}",42a437e7-640a-4449-992e-15eec4fc8dc0,airbus,2022-09-17 13:14:01.430000+00:00,,,78.30634079501492,0.5,HOURS,10,445.42577980483594,"POLYGON ((-43.35300804 -23.03104491, -43.28710772 -23.02745276, -43.142827 -23.02151033, -43.14297469 -22.83417124, -43.22991802 -22.83790188, -43.35266367 -22.84493468, -43.35300804 -23.03104491))"
11,9fb96c15-b9eb-4006-a295-71daf0294907,phr,phr,oneatlas,"{'commercialReference': 'SO22016340', 'qualified': False, 'sourceIdentifier': 'DS_PHR1A_202203311319318_FR1_PX_W044S23_1002_01708', 'acquisitionStation': 'FR1', 'archivingCenter': 'FR1', 'lastUpdateDate': '2022-04-01T20:22:06.757866749Z', 'processingDate': '2022-04-01T19:37:04.589', 'parentIdentifier': 'DS_PHR1A_202203311320088_FR1_PX_W044S23_1002_01712', 'azimuthAngle': 180.081068162252, 'workspaceTitle': 'Public', 'productCategory': 'image', 'spectralRange': 'VISIBLE', 'activityId': '94197ab4-8ac4-4efd-85c5-3a6994384616', 'processingLevel': 'SENSOR', 'acquisitionIdentifier': '', 'sensorType': 'OPTICAL', 'productionStatus': 'IN_CLOUD', 'customerReference': 'C301000', 'geometryCentroid': {'lat': -22.935603036985945, 'lon': -43.24689762431692}, 'correlationId': '9c6108ff-541e-4626-ac09-03e0c72d0af4', 'processorName': 'DRS-MM V2.9vV2.9', 'workspaceName': 'public', 'publicationDate': '2022-04-01T20:22:06.757866749Z', 'productType': 'bundle', 'illuminationElevationAngle': 53.99966114225585, 'workspaceId': '0e33eb50-3404-48ad-b835-b0b4b72a5625', 'expirationDate': '2023-04-01T20:22:06.757871085Z', 'incidenceAngleAcrossTrack': -21.13243119701203, 'illuminationAzimuthAngle': 44.24970425822046, 'format': 'image/jp2', 'incidenceAngleAlongTrack': -13.15880540770086, 'incidenceAngle': 24.30980304529236, 'processingCenter': 'FCMUGC', 'archiveIdentifier': 'DS_PHR1A_202203311320088_FR1_PX_W044S23_1002_01712', 'organisationName': 'AIRBUS DS GEO'}",9fb96c15-b9eb-4006-a295-71daf0294907,airbus,2022-03-31 13:20:08.805000+00:00,,,1.28,0.5,MINUTES,11,491.23128760164605,"POLYGON ((-43.36059503 -22.83237261, -43.36126605 -23.02086756, -43.1325292 -23.03880399, -43.13315442 -22.84810172, -43.36059503 -22.83237261))"
12,8aaf4aff-183c-4925-9a34-f843abb86de8,phr,phr,oneatlas,"{'commercialReference': 'SO22035301', 'qualified': False, 'sourceIdentifier': 'DS_PHR1B_202207021304459_FR1_PX_W044S24_0624_01783', 'acquisitionStation': 'SV1', 'archivingCenter': 'FR1', 'lastUpdateDate': '2022-07-04T09:43:03.335143253Z', 'processingDate': '2022-07-04T08:49:04.697', 'parentIdentifier': 'DS_PHR1B_202207021305229_FR1_PX_W044S24_0624_01787', 'azimuthAngle': 179.9497516151406, 'workspaceTitle': 'Public', 'productCategory': 'image', 'spectralRange': 'VISIBLE', 'activityId': 'f06cad21-22c0-44a2-ab85-bd320d259543', 'processingLevel': 'SENSOR', 'acquisitionIdentifier': '', 'sensorType': 'OPTICAL', 'productionStatus': 'IN_CLOUD', 'customerReference': 'C301000', 'geometryCentroid': {'lat': -23.01417216885044, 'lon': -43.55079836343972}, 'correlationId': '58b277ed-847e-4f00-b674-3478c05d5fff', 'processorName': 'DRS-MM V2.9vV2.9', 'workspaceName': 'public', 'publicationDate': '2022-07-04T09:43:03.335143253Z', 'productType': 'bundle', 'illuminationElevationAngle': 36.48143113378927, 'workspaceId': '0e33eb50-3404-48ad-b835-b0b4b72a5625', 'expirationDate': '2023-07-04T09:43:03.335154488Z', 'incidenceAngleAcrossTrack': 13.29104781564901, 'illuminationAzimuthAngle': 32.89479918115417, 'format': 'image/jp2', 'incidenceAngleAlongTrack': -0.7304488897776413, 'incidenceAngle': 13.30970371916346, 'processingCenter': 'FCMUGC', 'archiveIdentifier': 'DS_PHR1B_202207021305229_FR1_PX_W044S24_0624_01787', 'organisationName': 'AIRBUS DS GEO'}",8aaf4aff-183c-4925-9a34-f843abb86de8,airbus,2022-07-02 13:05:22.930000+00:00,,,0.0,0.5,MINUTES,12,427.81656424772297,"POLYGON ((-43.65440616 -22.92275141, -43.65423711 -23.10561271, -43.44793764 -23.10437368, -43.44719057 -22.92270555, -43.65440616 -22.92275141))"
13,789acad9-80de-4c12-a5a0-5eba43c8a8e9,phr,phr,oneatlas,"{'qualified': False, 'sourceIdentifier': 'DS_PHR1B_202201131313349_FR1_PX_W044S23_0607_04070', 'acquisitionStation': 'SV1', 'archivingCenter': 'FR1', 'lastUpdateDate': '2022-01-27T17:59:10Z', 'processingDate': '2022-01-13T17:37:00.746Z', 'parentIdentifier': 'DS_PHR1B_202201131313349_FR1_PX_W044S23_0607_04070', 'azimuthAngle': 179.9938602673534, 'workspaceTitle': 'Public', 'productCategory': 'image', 'spectralRange': 'VISIBLE', 'activityId': '60b710a5-214d-47b5-a671-ce8ed80cd8d0', 'processingLevel': 'ALBUM', 'acquisitionIdentifier': None, 'sensorType': 'OPTICAL', 'productionStatus': 'ARCHIVED', 'geometryCentroid': [-43.5509486948961, -22.74809681488105], 'correlationId': 'mmcat_919e10665aa79f0a2a29c2d82685406d', 'processorName': 'MMCAT', 'workspaceName': 'public', 'publicationDate': '2022-01-13T18:17:28.367086881Z', 'productType': 'mono', 'illuminationElevationAngle': 64.53584091097244, 'workspaceId': '0e33eb50-3404-48ad-b835-b0b4b72a5625', 'expirationDate': '2032-01-25T17:58:02.164404391Z', 'incidenceAngleAcrossTrack': -6.708565765655618, 'illuminationAzimuthAngle': 92.61573122559273, 'incidenceAngleAlongTrack': 12.84307680371986, 'incidenceAngle': 14.38837154296036, 'processingCenter': 'MOC', 'archiveIdentifier': 'DS_PHR1B_202201131313349_FR1_PX_W044S23_0607_04070', 'organisationName': 'AIRBUS DS GEO', 'snowCover': 0}",789acad9-80de-4c12-a5a0-5eba43c8a8e9,airbus,2022-01-13 13:13:34.930000+00:00,,,81.9695117782973,0.5,HOURS,13,995.232405404419,"POLYGON ((-43.65284339 -22.96581241, -43.63837859 -22.96534683, -43.54895609 -22.96323689, -43.52903432 -22.96314197, -43.48878326 -22.9623025, -43.4789542 -22.96230253, -43.45972674 -22.96270065, -43.45000015 -22.96257795, -43.45005569 -22.95331192, -43.44955799 -22.93385653, -43.449054 -22.75465533, -43.44976184 -22.5950187, -43.45098067 -22.53054768, -43.47502718 -22.53062824, -43.56405924 -22.53169687, -43.58398907 -22.53241817, -43.61404151 -22.5340584, -43.65281132 -22.53565856, -43.65248463 -22.56329933, -43.65189976 -22.6562871, -43.65284339 -22.96581241))"
14,b64ac8fe-2c7c-406f-9383-8d1eeb3c1023,phr,phr,oneatlas,"{'qualified': False, 'sourceIdentifier': 'DS_PHR1A_202208271324276_FR1_PX_W044S23_1002_01654', 'acquisitionStation': 'FR1', 'archivingCenter': 'FR1', 'lastUpdateDate': '2022-08-29T09:32:07.310390256Z', 'processingDate': '2022-08-27T22:51:22.188Z', 'parentIdentifier': 'DS_PHR1A_202208271324276_FR1_PX_W044S23_1002_01654', 'title': '', 'azimuthAngle': 180.1420391606771, 'workspaceTitle': 'Public', 'productCategory': 'image', 'spectralRange': 'VISIBLE', 'activityId': 'f79d7d51-2f24-4f84-ad05-b43aa21dc704', 'processingLevel': 'ALBUM', 'acquisitionIdentifier': '', 'sensorType': 'OPTICAL', 'productionStatus': 'ARCHIVED', 'geometryCentroid': {'lat': -22.93672396856959, 'lon': -43.247746274681866}, 'correlationId': '969be228-624d-4b37-bcff-527b5120b017', 'processorName': 'MMCAT', 'workspaceName': 'public', 'publicationDate': '2022-08-29T09:32:07.310390256Z', 'productType': 'mono', 'illuminationElevationAngle': 50.46430690695898, 'workspaceId': '0e33eb50-3404-48ad-b835-b0b4b72a5625', 'expirationDate': '2032-08-26T09:27:39.940770654Z', 'incidenceAngleAcrossTrack': -29.10228415818947, 'illuminationAzimuthAngle': 36.52543685978015, 'format': 'image/tiff', 'incidenceAngleAlongTrack': -9.531398184280649, 'incidenceAngle': 30.17446342647047, 'processingCenter': 'MOC', 'archiveIdentifier': 'DS_PHR1A_202208271324276_FR1_PX_W044S23_1002_01654', 'organisationName': 'AIRBUS DS GEO', 'snowCover': 0}",b64ac8fe-2c7c-406f-9383-8d1eeb3c1023,airbus,2022-08-27 13:24:27.681000+00:00,,,0.0,0.5,HOURS,14,549.7877133835843,"POLYGON ((-43.37566133 -23.02143329, -43.28353544 -23.02748249, -43.11986747 -23.04016895, -43.11983122 -23.02423506, -43.120559 -22.84890556, -43.2015761 -22.84329574, -43.3749833 -22.83322921, -43.37566133 -23.02143329))"
15,cc786e6d-d6ee-4114-93ca-248b0960e330,phr,phr,oneatlas,"{'commercialReference': 'SO22032299', 'qualified': False, 'sourceIdentifier': 'DS_PHR1A_202206171320340_FR1_PX_W044S23_1002_01650', 'acquisitionStation': 'FR1', 'archivingCenter': 'FR1', 'lastUpdateDate': '2022-06-18T18:16:08.531693055Z', 'processingDate': '2022-06-18T17:12:01.382', 'parentIdentifier': 'DS_PHR1A_202206171321110_FR1_PX_W044S23_1002_01654', 'azimuthAngle': 179.9500570794253, 'workspaceTitle': 'Public', 'productCategory': 'image', 'spectralRange': 'VISIBLE', 'activityId': '45e57675-ed77-476d-9681-f427d5f83cda', 'processingLevel': 'SENSOR', 'acquisitionIdentifier': '', 'sensorType': 'OPTICAL', 'productionStatus': 'IN_CLOUD', 'customerReference': 'C301000', 'geometryCentroid': {'lat': -22.930509074748826, 'lon': -43.24694331801937}, 'correlationId': '80f9f7a9-5685-4f31-ac78-d7d67648746e', 'processorName': 'DRS-MM V2.9vV2.9', 'workspaceName': 'public', 'publicationDate': '2022-06-18T18:16:08.531693055Z', 'productType': 'bundle', 'illuminationElevationAngle': 38.59311675142001, 'workspaceId': '0e33eb50-3404-48ad-b835-b0b4b72a5625', 'expirationDate': '2023-06-18T18:16:08.531697223Z', 'incidenceAngleAcrossTrack': -25.49343388486166, 'illuminationAzimuthAngle': 27.59508151089676, 'format': 'image/jp2', 'incidenceAngleAlongTrack': 9.185343285434802, 'incidenceAngle': 26.72556452009282, 'processingCenter': 'FCMUGC', 'archiveIdentifier': 'DS_PHR1A_202206171321110_FR1_PX_W044S23_1002_01654', 'organisationName': 'AIRBUS DS GEO'}",cc786e6d-d6ee-4114-93ca-248b0960e330,airbus,2022-06-17 13:21:11.056000+00:00,,,0.0,0.5,MINUTES,15,503.2158425292056,"POLYGON ((-43.36676149 -22.84653756, -43.36742398 -23.02954437, -43.12646265 -23.016977, -43.12691291 -22.83143117, -43.36676149 -22.84653756))"
16,2b7cbf91-520c-4a98-b427-ead1b9893ea8,phr,phr,oneatlas,"{'commercialReference': 'SO22030028', 'qualified': False, 'sourceIdentifier': 'DS_PHR1A_202206051312264_FR1_PX_W044S23_1002_01765', 'acquisitionStation': 'FR1', 'archivingCenter': 'FR1', 'lastUpdateDate': '2022-06-08T19:48:23.675858396Z', 'processingDate': '2022-06-08T18:30:58.360', 'parentIdentifier': 'DS_PHR1A_202206051313034_FR1_PX_W044S23_1002_01769', 'azimuthAngle': 180.0509552666766, 'workspaceTitle': 'Public', 'productCategory': 'image', 'spectralRange': 'VISIBLE', 'activityId': 'c8d72fb3-9c70-46e1-b365-f036c51d38cb', 'processingLevel': 'SENSOR', 'acquisitionIdentifier': '', 'sensorType': 'OPTICAL', 'productionStatus': 'IN_CLOUD', 'customerReference': 'C301000', 'geometryCentroid': {'lat': -22.933670987706144, 'lon': -43.24728499225421}, 'correlationId': '98f66b99-3c26-4bcc-b3b2-cfc7cf1b898e', 'processorName': 'DRS-MM V2.9vV2.9', 'workspaceName': 'public', 'publicationDate': '2022-06-08T19:48:23.675858396Z', 'productType': 'bundle', 'illuminationElevationAngle': 38.68217043747908, 'workspaceId': '0e33eb50-3404-48ad-b835-b0b4b72a5625', 'expirationDate': '2023-06-08T19:48:23.675862803Z', 'incidenceAngleAcrossTrack': -6.951150308071695, 'illuminationAzimuthAngle': 29.53556840885718, 'format': 'image/jp2', 'incidenceAngleAlongTrack': -1.165095935404896, 'incidenceAngle': 7.04623967208062, 'processingCenter': 'FCMUGC', 'archiveIdentifier': 'DS_PHR1A_202206051313034_FR1_PX_W044S23_1002_01769', 'organisationName': 'AIRBUS DS GEO'}",2b7cbf91-520c-4a98-b427-ead1b9893ea8,airbus,2022-06-05 13:13:03.430000+00:00,,,12.55,0.5,MINUTES,16,401.5605127434524,"POLYGON ((-43.34661054 -22.84452021, -43.34687904 -23.02192835, -43.14769094 -23.02279875, -43.1479766 -22.84476055, -43.34661054 -22.84452021))"
17,1a20775b-1081-4c05-a7f4-551fa230f8fa,phr,phr,oneatlas,"{'qualified': False, 'sourceIdentifier': 'DS_PHR1B_202203111324193_FR1_PX_W044S23_1002_01618', 'acquisitionStation': 'FR1', 'archivingCenter': 'FR1', 'lastUpdateDate': '2022-03-26T13:54:41Z', 'processingDate': '2022-03-11T22:47:12.593Z', 'parentIdentifier': 'DS_PHR1B_202203111324193_FR1_PX_W044S23_1002_01618', 'title': '', 'azimuthAngle': 180.0927448671187, 'workspaceTitle': 'Public', 'productCategory': 'image', 'spectralRange': 'VISIBLE', 'activityId': 'e0b54083-2837-41f4-9284-a65e09c0336a', 'processingLevel': 'ALBUM', 'acquisitionIdentifier': '', 'sensorType': 'OPTICAL', 'productionStatus': 'ARCHIVED', 'geometryCentroid': {'lat': -22.933270683437907, 'lon': -43.24772449390275}, 'correlationId': '2de5c79e-bd65-4bd4-b202-f0752827fab4', 'processorName': 'MMCAT', 'workspaceName': 'public', 'publicationDate': '2022-03-11T22:54:02.189092228Z', 'productType': 'mono', 'illuminationElevationAngle': 59.29316125694831, 'workspaceId': '0e33eb50-3404-48ad-b835-b0b4b72a5625', 'expirationDate': '2032-03-23T13:42:54.63369613Z', 'incidenceAngleAcrossTrack': -31.80245706686769, 'illuminationAzimuthAngle': 54.91039635471974, 'format': 'image/tiff', 'incidenceAngleAlongTrack': 9.769907861406889, 'incidenceAngle': 32.76326614685668, 'processingCenter': 'MOC', 'archiveIdentifier': 'DS_PHR1B_202203111324193_FR1_PX_W044S23_1002_01618', 'organisationName': 'AIRBUS DS GEO', 'snowCover': 0}",1a20775b-1081-4c05-a7f4-551fa230f8fa,airbus,2022-03-11 13:24:19.305000+00:00,,,0.0,0.5,HOURS,17,581.6780765294183,"POLYGON ((-43.38262807 -23.03784121, -43.29881566 -23.03183831, -43.11289865 -23.0205033, -43.11282092 -23.00847366, -43.1135105 -22.82864003, -43.22568986 -22.83657919, -43.38225897 -22.84943124, -43.38227308 -22.93395712, -43.38262807 -23.03784121))"
18,7332c286-1c99-4e0e-8283-6095cb8d9ca7,phr,phr,oneatlas,"{'commercialReference': 'SO22010525', 'qualified': False, 'sourceIdentifier': 'DS_PHR1B_202203061312523_FR1_PX_W044S23_1002_01574', 'acquisitionStation': 'FR1', 'archivingCenter': 'FR1', 'lastUpdateDate': '2022-03-08T08:10:24.974192169Z', 'processingDate': '2022-03-08T07:21:51.360', 'parentIdentifier': 'DS_PHR1B_202203061313293_FR1_PX_W044S23_1002_01578', 'azimuthAngle': 180.0638841561942, 'workspaceTitle': 'Public', 'productCategory': 'image', 'spectralRange': 'VISIBLE', 'activityId': '94de398a-e26e-485b-9c0f-a2427162ddec', 'processingLevel': 'SENSOR', 'acquisitionIdentifier': None, 'sensorType': 'OPTICAL', 'productionStatus': 'IN_CLOUD', 'customerReference': 'C301000', 'geometryCentroid': [-43.24794573536323, -22.93172119121253], 'correlationId': '99dcb6c9-6df9-4c0d-8c19-ae91446b36bf', 'processorName': 'DRS-MM V2.9vV2.9', 'workspaceName': 'public', 'publicationDate': '2022-03-08T08:10:24.974192169Z', 'productType': 'bundle', 'illuminationElevationAngle': 58.10375157386635, 'workspaceId': '0e33eb50-3404-48ad-b835-b0b4b72a5625', 'expirationDate': '2023-03-08T08:10:24.974196914Z', 'incidenceAngleAcrossTrack': -12.34282367270707, 'illuminationAzimuthAngle': 61.50284305934589, 'format': 'image/jp2', 'incidenceAngleAlongTrack': 24.6856512759205, 'incidenceAngle': 26.97941063021156, 'processingCenter': 'FCMUGC', 'archiveIdentifier': 'DS_PHR1B_202203061313293_FR1_PX_W044S23_1002_01578', 'organisationName': 'AIRBUS DS GEO'}",7332c286-1c99-4e0e-8283-6095cb8d9ca7,airbus,2022-03-06 13:13:29.305000+00:00,,,0.0,0.5,MINUTES,18,481.56019706652285,"POLYGON ((-43.35905469 -22.84704066, -43.35929496 -23.036846, -43.13659651 -23.01776491, -43.13665643 -22.82657314, -43.35905469 -22.84704066))"
19,073c1675-f5da-4030-a7a5-d4fa82bab55b,phr,phr,oneatlas,"{'commercialReference': 'SO22050567', 'qualified': False, 'sourceIdentifier': 'DS_PHR1B_202208281316306_FR1_PX_W044S23_1002_01724', 'acquisitionStation': 'FR1', 'archivingCenter': 'FR1', 'lastUpdateDate': '2022-08-30T05:25:25.078834288Z', 'processingDate': '2022-08-30T04:37:47.635', 'parentIdentifier': 'DS_PHR1B_202208281317076_FR1_PX_W044S23_1002_01728', 'azimuthAngle': 180.0578905242652, 'workspaceTitle': 'Public', 'productCategory': 'image', 'spectralRange': 'VISIBLE', 'activityId': '30d585a1-fab1-419d-bc87-0dd5ee800f4b', 'processingLevel': 'SENSOR', 'acquisitionIdentifier': '', 'sensorType': 'OPTICAL', 'productionStatus': 'IN_CLOUD', 'customerReference': 'C301000', 'geometryCentroid': {'lat': -22.932576673571475, 'lon': -43.247831989600826}, 'correlationId': '07207960-a2e1-4635-9e07-0ac906140211', 'processorName': 'DRS-MM V2.9vV2.9', 'workspaceName': 'public', 'publicationDate': '2022-08-30T05:25:25.078834288Z', 'productType': 'bundle', 'illuminationElevationAngle': 49.80428447850349, 'workspaceId': '0e33eb50-3404-48ad-b835-b0b4b72a5625', 'expirationDate': '2023-08-30T05:25:25.07884958Z', 'incidenceAngleAcrossTrack': -16.53636321230023, 'illuminationAzimuthAngle': 38.95162604795323, 'format': 'image/jp2', 'incidenceAngleAlongTrack': 5.345339570522684, 'incidenceAngle': 17.29126117406581, 'processingCenter': 'FCMUGC', 'archiveIdentifier': 'DS_PHR1B_202208281317076_FR1_PX_W044S23_1002_01728', 'organisationName': 'AIRBUS DS GEO'}",073c1675-f5da-4030-a7a5-d4fa82bab55b,airbus,2022-08-28 13:17:07.681000+00:00,,,0.0,0.5,MINUTES,19,435.5327155939145,"POLYGON ((-43.35412019 -22.84588359, -43.35462748 -23.02500844, -43.1410365 -23.0207657, -43.14142302 -22.84011554, -43.35412019 -22.84588359))"
20,bba4f648-dc13-4eda-88a2-05a0f88d4015,phr,phr,oneatlas,"{'commercialReference': 'SO22055291', 'qualified': False, 'sourceIdentifier': 'DS_PHR1A_202209191258053_FR1_PX_W044S23_1002_01708', 'acquisitionStation': 'FR1', 'archivingCenter': 'FR1', 'lastUpdateDate': '2022-09-20T23:34:11.783707533Z', 'processingDate': '2022-09-20T21:51:34.373', 'parentIdentifier': 'DS_PHR1A_202209191258423_FR1_PX_W044S23_1002_01712', 'azimuthAngle': 179.9673169726373, 'workspaceTitle': 'Public', 'productCategory': 'image', 'spectralRange': 'VISIBLE', 'activityId': '663b8fda-ce47-4373-b7cf-205af84baf11', 'processingLevel': 'SENSOR', 'acquisitionIdentifier': '', 'sensorType': 'OPTICAL', 'productionStatus': 'IN_CLOUD', 'customerReference': 'C301000', 'geometryCentroid': {'lat': -22.93194547137715, 'lon': -43.24725462640005}, 'correlationId': '1d413f35-424d-44b3-b95e-c923950c9b67', 'processorName': 'DRS-MM V2.9vV2.9', 'workspaceName': 'public', 'publicationDate': '2022-09-20T23:34:11.783707533Z', 'productType': 'bundle', 'illuminationElevationAngle': 54.15472074483581, 'workspaceId': '0e33eb50-3404-48ad-b835-b0b4b72a5625', 'expirationDate': '2023-09-20T23:34:11.783715884Z', 'incidenceAngleAcrossTrack': 23.68348697545983, 'illuminationAzimuthAngle': 51.24351016809014, 'format': 'image/jp2', 'incidenceAngleAlongTrack': 11.55479480719491, 'incidenceAngle': 25.82389284131893, 'processingCenter': 'FCMUGC', 'archiveIdentifier': 'DS_PHR1A_202209191258423_FR1_PX_W044S23_1002_01712', 'organisationName': 'AIRBUS DS GEO'}",bba4f648-dc13-4eda-88a2-05a0f88d4015,airbus,2022-09-19 12:58:42.306000+00:00,,,0.36,0.5,MINUTES,20,510.11080623988505,"POLYGON ((-43.36512499 -22.82831716, -43.36457214 -23.02042354, -43.12973712 -23.03553962, -43.12938426 -22.84591318, -43.36512499 -22.82831716))"
21,107088ab-14a0-48c3-827b-fe3f4c3dc352,phr,phr,oneatlas,"{'commercialReference': 'SO22036267', 'qualified': False, 'sourceIdentifier': 'DS_PHR1A_202207081309460_FR1_PX_W044S23_1002_01574', 'acquisitionStation': 'FR1', 'archivingCenter': 'FR1', 'lastUpdateDate': '2022-07-09T14:16:37.907271514Z', 'processingDate': '2022-07-09T12:21:58.154', 'parentIdentifier': 'DS_PHR1A_202207081310230_FR1_PX_W044S23_1002_01578', 'azimuthAngle': 180.0081987649791, 'workspaceTitle': 'Public', 'productCategory': 'image', 'spectralRange': 'VISIBLE', 'activityId': 'dae9b570-5a6f-4dba-bc2a-5ae9487f1cfd', 'processingLevel': 'SENSOR', 'acquisitionIdentifier': '', 'sensorType': 'OPTICAL', 'productionStatus': 'IN_CLOUD', 'customerReference': 'C301000', 'geometryCentroid': {'lat': -22.93384711336409, 'lon': -43.2473109654973}, 'correlationId': '52cdcd6c-86e5-481c-a1b2-89bc34a2bc8b', 'processorName': 'DRS-MM V2.9vV2.9', 'workspaceName': 'public', 'publicationDate': '2022-07-09T14:16:37.907271514Z', 'productType': 'bundle', 'illuminationElevationAngle': 37.6728218751047, 'workspaceId': '0e33eb50-3404-48ad-b835-b0b4b72a5625', 'expirationDate': '2023-07-09T14:16:37.907284413Z', 'incidenceAngleAcrossTrack': -4.56811484636693, 'illuminationAzimuthAngle': 32.04813315886987, 'format': 'image/jp2', 'incidenceAngleAlongTrack': 23.80698982038117, 'incidenceAngle': 24.15024383931076, 'processingCenter': 'FCMUGC', 'archiveIdentifier': 'DS_PHR1A_202207081310230_FR1_PX_W044S23_1002_01578', 'organisationName': 'AIRBUS DS GEO'}",107088ab-14a0-48c3-827b-fe3f4c3dc352,airbus,2022-07-08 13:10:23.055000+00:00,,,0.0,0.5,MINUTES,21,452.72284414977764,"POLYGON ((-43.35409461 -22.84429317, -43.35418564 -23.03050345, -43.14045098 -23.02396654, -43.1404363 -22.83716525, -43.35409461 -22.84429317))"
22,6b89fdbf-dd7c-436c-8679-a8a4ecbf4b33,phr,phr,oneatlas,"{'qualified': False, 'sourceIdentifier': 'DS_PHR1A_202207011313129_FR1_PX_W044S23_1002_01728', 'acquisitionStation': 'FR1', 'archivingCenter': 'FR1', 'lastUpdateDate': '2022-07-15T21:37:29.851025651Z', 'processingDate': '2022-07-01T21:20:21.756Z', 'parentIdentifier': 'DS_PHR1A_202207011313129_FR1_PX_W044S23_1002_01728', 'title': '', 'azimuthAngle': 180.0320138563982, 'workspaceTitle': 'Public', 'productCategory': 'image', 'spectralRange': 'VISIBLE', 'activityId': 'ed305f5b-4d03-4e13-ba09-970744039e43', 'processingLevel': 'ALBUM', 'acquisitionIdentifier': '', 'sensorType': 'OPTICAL', 'productionStatus': 'ARCHIVED', 'geometryCentroid': {'lat': -22.9337361992058, 'lon': -43.247989818212574}, 'correlationId': 'fa1cf1fb-0112-4b50-a829-9531733201ab', 'processorName': 'MMCAT', 'workspaceName': 'public', 'publicationDate': '2022-07-15T21:37:29.851025651Z', 'productType': 'mono', 'illuminationElevationAngle': 37.62506185611199, 'workspaceId': '0e33eb50-3404-48ad-b835-b0b4b72a5625', 'expirationDate': '2032-07-12T21:37:04.151564395Z', 'incidenceAngleAcrossTrack': -5.857819997441831, 'illuminationAzimuthAngle': 30.57431800281895, 'format': 'image/tiff', 'incidenceAngleAlongTrack': -9.008531491191754, 'incidenceAngle': 10.69371704773229, 'processingCenter': 'MOC', 'archiveIdentifier': 'DS_PHR1A_202207011313129_FR1_PX_W044S23_1002_01728', 'organisationName': 'AIRBUS DS GEO', 'snowCover': 0}",6b89fdbf-dd7c-436c-8679-a8a4ecbf4b33,airbus,2022-07-01 13:13:12.930000+00:00,,,79.62334747143494,0.5,HOURS,22,402.60131577298085,"POLYGON ((-43.3481079 -23.02060453, -43.28520898 -23.02104007, -43.14787174 -23.02389104, -43.14817347 -22.84638107, -43.20139134 -22.84512595, -43.3479006 -22.8435586, -43.3481079 -23.02060453))"
23,0987098a-8fcf-4d55-8d56-0e37de76444f,phr,phr,oneatlas,"{'qualified': False, 'sourceIdentifier': 'DS_PHR1B_202207141312479_FR1_PX_W044S23_1002_01712', 'acquisitionStation': 'FR1', 'archivingCenter': 'FR1', 'lastUpdateDate': '2022-07-28T21:33:39.666411314Z', 'processingDate': '2022-07-14T21:18:29.255Z', 'parentIdentifier': 'DS_PHR1B_202207141312479_FR1_PX_W044S23_1002_01712', 'title': '', 'azimuthAngle': 180.024840932913, 'workspaceTitle': 'Public', 'productCategory': 'image', 'spectralRange': 'VISIBLE', 'activityId': 'e87e0c33-e0ae-4df0-8f8f-e78d74d2c225', 'processingLevel': 'ALBUM', 'acquisitionIdentifier': '', 'sensorType': 'OPTICAL', 'productionStatus': 'ARCHIVED', 'geometryCentroid': {'lat': -22.933738280556337, 'lon': -43.247895453728106}, 'correlationId': 'b1953d39-5d3f-4729-aade-b41ec565e00b', 'processorName': 'MMCAT', 'workspaceName': 'public', 'publicationDate': '2022-07-28T21:33:39.666411314Z', 'productType': 'mono', 'illuminationElevationAngle': 38.50888494746169, 'workspaceId': '0e33eb50-3404-48ad-b835-b0b4b72a5625', 'expirationDate': '2032-07-25T21:32:04.999240766Z', 'incidenceAngleAcrossTrack': -4.52870935698397, 'illuminationAzimuthAngle': 32.28665478402775, 'format': 'image/tiff', 'incidenceAngleAlongTrack': -12.01837049309783, 'incidenceAngle': 12.79749877303335, 'processingCenter': 'MOC', 'archiveIdentifier': 'DS_PHR1B_202207141312479_FR1_PX_W044S23_1002_01712', 'organisationName': 'AIRBUS DS GEO', 'snowCover': 0}",0987098a-8fcf-4d55-8d56-0e37de76444f,airbus,2022-07-14 13:12:47.931000+00:00,,,97.63043597778878,0.5,HOURS,23,407.65001473191086,"POLYGON ((-43.34846475 -23.02135572, -43.28525439 -23.02179488, -43.14732616 -23.02463157, -43.14759222 -22.84579333, -43.20103337 -22.84449848, -43.34823206 -22.84282233, -43.34846475 -23.02135572))"
24,8203a4e4-2379-44f9-86f0-aeef1e224d77,phr,phr,oneatlas,"{'commercialReference': 'SO22012008', 'qualified': False, 'sourceIdentifier': 'DS_PHR1B_202203131308473_FR1_PX_W044S24_0824_01660', 'acquisitionStation': 'SV1', 'archivingCenter': 'FR1', 'lastUpdateDate': '2022-03-15T17:40:09.560778589Z', 'processingDate': '2022-03-14T14:07:25.224', 'parentIdentifier': 'DS_PHR1B_202203131309243_FR1_PX_W044S24_0824_01664', 'azimuthAngle': 180.022718318805, 'workspaceTitle': 'Public', 'productCategory': 'image', 'spectralRange': 'VISIBLE', 'activityId': '163ca39c-b259-4db7-963e-3374c2b8d1a6', 'processingLevel': 'SENSOR', 'acquisitionIdentifier': '', 'sensorType': 'OPTICAL', 'productionStatus': 'IN_CLOUD', 'customerReference': 'C301000', 'geometryCentroid': {'lat': -23.01542732005747, 'lon': -43.38340112648647}, 'correlationId': 'a8dc9d8c-b1f1-4d4e-815f-edbecd4789c2', 'processorName': 'DRS-MM V2.9vV2.9', 'workspaceName': 'public', 'publicationDate': '2022-03-15T17:40:09.560778589Z', 'productType': 'bundle', 'illuminationElevationAngle': 55.86611048816887, 'workspaceId': '0e33eb50-3404-48ad-b835-b0b4b72a5625', 'expirationDate': '2023-03-15T17:40:09.560783885Z', 'incidenceAngleAcrossTrack': -1.314833786492559, 'illuminationAzimuthAngle': 58.1416412270123, 'format': 'image/jp2', 'incidenceAngleAlongTrack': 19.35546166802805, 'incidenceAngle': 19.39365494740473, 'processingCenter': 'FCMUGC', 'archiveIdentifier': 'DS_PHR1B_202203131309243_FR1_PX_W044S24_0824_01664', 'organisationName': 'AIRBUS DS GEO'}",8203a4e4-2379-44f9-86f0-aeef1e224d77,airbus,2022-03-13 13:09:24.306000+00:00,,,0.88,0.5,MINUTES,24,430.86130301696716,"POLYGON ((-43.48675562 -22.92500317, -43.48684514 -23.10814092, -43.27995712 -23.10663795, -43.28008399 -22.92268901, -43.48675562 -22.92500317))"
25,e735b124-de12-4105-b692-8fabc2874a7c,phr,phr,oneatlas,"{'commercialReference': 'SO22020390', 'qualified': False, 'sourceIdentifier': 'DS_PHR1B_202204221301108_FR1_PX_W044S23_1002_01724', 'acquisitionStation': 'FR1', 'archivingCenter': 'FR1', 'lastUpdateDate': '2022-04-23T15:23:32.82878017Z', 'processingDate': '2022-04-23T14:39:01.183', 'parentIdentifier': 'DS_PHR1B_202204221301478_FR1_PX_W044S23_1002_01728', 'azimuthAngle': 179.9860954810505, 'workspaceTitle': 'Public', 'productCategory': 'image', 'spectralRange': 'VISIBLE', 'activityId': '6a51aa9c-0508-4ad5-ae15-453c8d4aa93a', 'processingLevel': 'SENSOR', 'acquisitionIdentifier': '', 'sensorType': 'OPTICAL', 'productionStatus': 'IN_CLOUD', 'customerReference': 'C301000', 'geometryCentroid': {'lat': -22.93178724673077, 'lon': -43.248202022054684}, 'correlationId': 'f21e62a5-aa8c-4277-b8f9-854bca938a8e', 'processorName': 'DRS-MM V2.9vV2.9', 'workspaceName': 'public', 'publicationDate': '2022-04-23T15:23:32.82878017Z', 'productType': 'bundle', 'illuminationElevationAngle': 45.68332847413849, 'workspaceId': '0e33eb50-3404-48ad-b835-b0b4b72a5625', 'expirationDate': '2023-04-23T15:23:32.828784201Z', 'incidenceAngleAcrossTrack': 16.54370862183207, 'illuminationAzimuthAngle': 40.42494556897508, 'format': 'image/jp2', 'incidenceAngleAlongTrack': 9.05474190440449, 'incidenceAngle': 18.62860259088617, 'processingCenter': 'FCMUGC', 'archiveIdentifier': 'DS_PHR1B_202204221301478_FR1_PX_W044S23_1002_01728', 'organisationName': 'AIRBUS DS GEO'}",e735b124-de12-4105-b692-8fabc2874a7c,airbus,2022-04-22 13:01:47.805000+00:00,,,0.0,0.5,MINUTES,25,444.7716739721426,"POLYGON ((-43.35561056 -22.83625188, -43.35533808 -23.01952427, -43.14101617 -23.02729527, -43.14079348 -22.84560443, -43.35561056 -22.83625188))"
26,e0b87cfa-8a34-4d53-871f-cb9bc60b455d,phr,phr,oneatlas,"{'qualified': False, 'sourceIdentifier': 'DS_PHR1B_202202151309164_FR1_PX_W044S23_1002_01728', 'acquisitionStation': 'FR1', 'archivingCenter': 'FR1', 'lastUpdateDate': '2022-02-16T09:40:11Z', 'processingDate': '2022-02-15T22:40:10.561Z', 'parentIdentifier': 'DS_PHR1B_202202151309164_FR1_PX_W044S23_1002_01728', 'azimuthAngle': 179.9814900952147, 'workspaceTitle': 'Public', 'productCategory': 'image', 'spectralRange': 'VISIBLE', 'activityId': '10c47fca-8628-4ae2-b60c-a0a4e7c1fa99', 'processingLevel': 'ALBUM', 'acquisitionIdentifier': None, 'sensorType': 'OPTICAL', 'productionStatus': 'ARCHIVED', 'geometryCentroid': [-43.24800239520791, -22.93299142789434], 'correlationId': 'mmcat_2e32cc7de588980e71987ab9a0e761de', 'processorName': 'MMCAT', 'workspaceName': 'public', 'publicationDate': '2022-02-15T22:43:21.499282701Z', 'productType': 'mono', 'illuminationElevationAngle': 60.14293126563022, 'workspaceId': '0e33eb50-3404-48ad-b835-b0b4b72a5625', 'expirationDate': '2032-02-14T09:38:02.927877158Z', 'incidenceAngleAcrossTrack': 1.559380588846767, 'illuminationAzimuthAngle': 75.0431745429365, 'incidenceAngleAlongTrack': 0.2952706621311038, 'incidenceAngle': 1.587062226172268, 'processingCenter': 'MOC', 'archiveIdentifier': 'DS_PHR1B_202202151309164_FR1_PX_W044S23_1002_01728', 'organisationName': 'AIRBUS DS GEO', 'snowCover': 0}",e0b87cfa-8a34-4d53-871f-cb9bc60b455d,airbus,2022-02-15 13:09:16.430000+00:00,,,40.3,0.5,HOURS,26,384.52411361995036,"POLYGON ((-43.34611165 -23.0195558, -43.29395192 -23.01903322, -43.14989314 -23.01946548, -43.15000427 -22.84691384, -43.20209736 -22.84640367, -43.34599569 -22.84687217, -43.34611165 -23.0195558))"
27,90aef5e3-551d-471a-b123-b5101af6c462,phr,phr,oneatlas,"{'qualified': False, 'sourceIdentifier': 'DS_PHR1B_202205251258421_FR1_PX_W044S23_1002_01589', 'acquisitionStation': 'FR1', 'archivingCenter': 'FR1', 'lastUpdateDate': '2022-06-10T06:50:38Z', 'processingDate': '2022-05-25T21:12:15.375Z', 'parentIdentifier': 'DS_PHR1B_202205251258421_FR1_PX_W044S23_1002_01589', 'title': '', 'azimuthAngle': 179.9626267177992, 'workspaceTitle': 'Public', 'productCategory': 'image', 'spectralRange': 'VISIBLE', 'activityId': '2bd1dab5-e0b3-4661-8080-112cd5629896', 'processingLevel': 'ALBUM', 'acquisitionIdentifier': '', 'sensorType': 'OPTICAL', 'productionStatus': 'ARCHIVED', 'geometryCentroid': {'lat': -22.9337378807065, 'lon': -43.248281365679404}, 'correlationId': '4051f909-460d-4048-8bdb-a6319740caec', 'processorName': 'MMCAT', 'workspaceName': 'public', 'publicationDate': '2022-05-25T21:20:31.606977553Z', 'productType': 'mono', 'illuminationElevationAngle': 38.39642317185398, 'workspaceId': '0e33eb50-3404-48ad-b835-b0b4b72a5625', 'expirationDate': '2032-06-07T06:47:08.929219125Z', 'incidenceAngleAcrossTrack': 20.3251739099635, 'illuminationAzimuthAngle': 33.98038831857312, 'format': 'image/tiff', 'incidenceAngleAlongTrack': 26.76107096591191, 'incidenceAngle': 32.03440784753437, 'processingCenter': 'MOC', 'archiveIdentifier': 'DS_PHR1B_202205251258421_FR1_PX_W044S23_1002_01589', 'organisationName': 'AIRBUS DS GEO', 'snowCover': 0}",90aef5e3-551d-471a-b123-b5101af6c462,airbus,2022-05-25 12:58:42.180000+00:00,,,0.2,0.5,HOURS,27,559.6380891309116,"POLYGON ((-43.36909643 -23.01832688, -43.26854618 -23.03229612, -43.1273509 -23.05369907, -43.12685952 -22.85164082, -43.22662381 -22.83527518, -43.36970321 -22.81375521, -43.36909643 -23.01832688))"
28,b298b627-29fe-4661-ba05-4d0ce6569de4,phr,phr,oneatlas,"{'qualified': False, 'sourceIdentifier': 'DS_PHR1A_202204191323559_FR1_PX_W044S23_1002_01654', 'acquisitionStation': 'FR1', 'archivingCenter': 'FR1', 'lastUpdateDate': '2022-05-04T07:06:57Z', 'processingDate': '2022-04-19T21:10:07.781Z', 'parentIdentifier': 'DS_PHR1A_202204191323559_FR1_PX_W044S23_1002_01654', 'title': '', 'azimuthAngle': 180.0191109788329, 'workspaceTitle': 'Public', 'productCategory': 'image', 'spectralRange': 'VISIBLE', 'activityId': '6283de69-3c82-4800-8f91-050d23e899e0', 'processingLevel': 'ALBUM', 'acquisitionIdentifier': '', 'sensorType': 'OPTICAL', 'productionStatus': 'ARCHIVED', 'geometryCentroid': {'lat': -22.93671094167279, 'lon': -43.24778013189214}, 'correlationId': '2052fdcb-5007-4373-a59a-f24087a80255', 'processorName': 'MMCAT', 'workspaceName': 'public', 'publicationDate': '2022-04-19T21:12:34.914240832Z', 'productType': 'mono', 'illuminationElevationAngle': 49.5301816859599, 'workspaceId': '0e33eb50-3404-48ad-b835-b0b4b72a5625', 'expirationDate': '2032-05-01T06:52:31.364659126Z', 'incidenceAngleAcrossTrack': -29.14990659522593, 'illuminationAzimuthAngle': 34.94556648692166, 'format': 'image/tiff', 'incidenceAngleAlongTrack': -10.51546669779746, 'incidenceAngle': 30.44747753230835, 'processingCenter': 'MOC', 'archiveIdentifier': 'DS_PHR1A_202204191323559_FR1_PX_W044S23_1002_01654', 'organisationName': 'AIRBUS DS GEO', 'snowCover': 0}",b298b627-29fe-4661-ba05-4d0ce6569de4,airbus,2022-04-19 13:23:55.931000+00:00,,,0.10640446437890291,0.5,HOURS,28,554.1019094600271,"POLYGON ((-43.37607893 -23.02098133, -43.28369498 -23.02766065, -43.1195521 -23.04147997, -43.11948133 -23.02543621, -43.12025262 -22.84929413, -43.20150057 -22.84313203, -43.37537738 -22.83189287, -43.37591633 -22.89842609, -43.37567346 -22.93927053, -43.37607893 -23.02098133))"
29,496bdd62-37c7-4dcb-a53f-f076a72b6e84,phr,phr,oneatlas,"{'commercialReference': 'SO22035301', 'qualified': False, 'sourceIdentifier': 'DS_PHR1B_202207021304554_FR1_PX_W044S24_0424_01800', 'acquisitionStation': 'SV1', 'archivingCenter': 'FR1', 'lastUpdateDate': '2022-07-04T10:36:29.412791761Z', 'processingDate': '2022-07-04T09:12:19.566', 'parentIdentifier': 'DS_PHR1B_202207021305324_FR1_PX_W044S24_0424_01804', 'azimuthAngle': 179.9652275967987, 'workspaceTitle': 'Public', 'productCategory': 'image', 'spectralRange': 'VISIBLE', 'activityId': 'a17d6873-0c8e-40f0-b870-aa5574ca89cf', 'processingLevel': 'SENSOR', 'acquisitionIdentifier': '', 'sensorType': 'OPTICAL', 'productionStatus': 'IN_CLOUD', 'customerReference': 'C301000', 'geometryCentroid': {'lat': -23.01359529015109, 'lon': -43.71833250754123}, 'correlationId': '149a570f-cb70-402b-b90b-40a0a9d4d076', 'processorName': 'DRS-MM V2.9vV2.9', 'workspaceName': 'public', 'publicationDate': '2022-07-04T10:36:29.412791761Z', 'productType': 'bundle', 'illuminationElevationAngle': 36.39816565196443, 'workspaceId': '0e33eb50-3404-48ad-b835-b0b4b72a5625', 'expirationDate': '2023-07-04T10:36:29.412801218Z', 'incidenceAngleAcrossTrack': 13.50176696493692, 'illuminationAzimuthAngle': 33.05574400208442, 'format': 'image/jp2', 'incidenceAngleAlongTrack': 4.988101976223883, 'incidenceAngle': 14.33149165834045, 'processingCenter': 'FCMUGC', 'archiveIdentifier': 'DS_PHR1B_202207021305324_FR1_PX_W044S24_0424_01804', 'organisationName': 'AIRBUS DS GEO'}",496bdd62-37c7-4dcb-a53f-f076a72b6e84,airbus,2022-07-02 13:05:32.430000+00:00,,,0.0,0.5,MINUTES,29,436.9523389147178,"POLYGON ((-43.82224779 -22.91900445, -43.82206456 -23.10508699, -43.6147312 -23.10816253, -43.61441723 -22.92341405, -43.82224779 -22.91900445))"
